:020000040800F2
:1000000060120024E5030008CF6700080B560008C3
:10001000CD670008BB1E0008A9840008000000008E
:10002000000000000000000000000000597A0008F5
:10003000E120000800000000157800085B7A000845
:10004000FF030008FF030008FF030008FF03000888
:10005000FF030008FF030008FF030008FF03000878
:10006000FF030008FF030008FF030008BD1E00088F
:10007000FF030008FF030008FF030008FF03000858
:10008000FF030008FF030008FF030008FF03000848
:10009000FF030008FF030008FF030008FF03000838
:1000A000FF030008FF030008FF030008FF03000828
:1000B000FF030008FF030008FF030008FF03000818
:1000C000FF030008195600080D560008FF0300083A
:1000D000FF0300089D840008FF030008FF030008D9
:1000E000FF030008FF03000800000000FF030008F2
:1000F000FF030008FF030008FF030008FF030008D8
:10010000FF030008FF030008FF030008FF030008C7
:10011000FF030008FF030008FF030008FF030008B7
:10012000FF030008FF030008FF030008FF030008A7
:10013000FF030008FF030008FF030008FF03000897
:1001400000000000000000000000000000000000AF
:10015000FF030008FF030008FF030008FF03000877
:10016000FF030008FF030008FF030008FF03000867
:10017000FF030008FF030008FF0300080000000061
:10018000FF030008FF030008FF030008FF03000847
:10019000FF030008FF030008FF030008FF03000837
:1001A000FF030008FF030008FF030008FF03000827
:1001B000FF030008FF030008FF030008FF03000817
:1001C000FF030008FF030008FF030008FF03000807
:1001D000FF030008FF030008FF030008FF030008F7
:1001E000FF030008FF030008FF030008FF030008E7
:1001F000FF030008FF030008FF030008FF030008D7
:10020000FF030008FF030008FF030008FF030008C6
:10021000FF030008FF030008FF030008FF030008B6
:10022000FF030008FF030008FF03000800000000B0
:10023000FF030008FF03000800000000FF030008A0
:10024000FF030008FF030008FF030008FF03000886
:10025000FF030008FF030008FF030008FF03000876
:10026000FF030008FF030008FF030008FF03000866
:10027000FF030008FF030008FF0300080000000060
:10028000FF030008FF030008FF0300080000000050
:1002900000000000FF03000800F002F800F092F8F0
:1002A0000AA090E8000C82448344AAF10107DA45D1
:1002B00001D100F087F8AFF2090EBAE80F0013F091
:1002C000010F18BFFB1A43F0010318478094000088
:1002D000A0940000103A24BF78C878C1FAD8520719
:1002E00024BF30C830C144BF04680C6070470000B0
:1002F0000023002400250026103A28BF78C1FBD82F
:10030000520728BF30C148BF0B6070476E2900F00C
:100310005582702900F09783662908F0808465294A
:1003200008F07D84672908F07A84612908F07984CF
:1003300003681B0A28BF41F08001692900F002828E
:10034000642900F0FF81752900F0FC816F2900F01D
:100350002483782900F06383E92900F0BF82E4292F
:1003600000F0BC82F52900F0B982EF2900F021836A
:10037000F82900F062830368DB0928BF41F080019F
:10038000632901F09B80732901F0A080E32901F02B
:10039000AB80F32901F0B080002070471FB508F052
:1003A00039FC01F0FBF804000020002108F074FB88
:1003B000401C60600020002108F058FBE0601FBD79
:1003C00010B510BD01F0BCF81146FFF7E7FF08F0CB
:1003D0002FFB01F099F903B4FFF7F2FF03BC01F022
:1003E0009DF900000948804709480047FEE7FEE7FD
:1003F000FEE7FEE7FEE7FEE7FEE7FEE7FEE7FEE7D5
:1004000004480549054A064B704700003D7B00083B
:10041000990200086006002460120024600E002487
:10042000600E002453EA020C00F069802DE9F04BC5
:100430004FF00006002B1FBFB3FA83F503FA05F453
:1004400024FA05F65E4012BF1643B2FA82F502FAAC
:1004500005F4C5F120051EBF22FA05FC44EA0C0490
:10046000203556EA044C4FEA144418BF641C4FF080
:1004700000084FF00009904271EB030C39D30029BA
:1004800019BFB1FA81F701FA07F6B0FA80F700FA5E
:1004900007F6C7F120071EBF20FA07FC46EA0C0644
:1004A0002037B6FBF4FCA7EB0507103F07F01F0B46
:1004B000CBF120060CFA0BFB2CFA06F644BFB34630
:1004C0000026202FA4BF5E464FF0000B5BEA060C0F
:1004D00008BF4FF0010B19EB0B09ABFB027C48EB9B
:1004E0000608C01B06FB02CC0BFB03CC71EB0C0116
:1004F000C1E70B46024641464846BDE8F08B13B5BE
:100500004FF000004FF00001AFF30080BDE81C4049
:10051000704700001CB50C46064B7B4469460090B2
:10052000204600F064F904460020694600F072F9A4
:1005300020461CBDF7020000032A40F2308010F074
:10054000030C00F0158011F8013BBCF1020F62446E
:1005500098BF11F801CB00F8013B38BF11F8013BFF
:10056000A2F1040298BF00F801CB38BF00F8013BAC
:1005700011F0030300F03683083AC0F0088051F808
:10058000043B083A51F804CBA0E80810F5E7121D27
:100590005CBF51F8043B40F8043BAFF30080D20746
:1005A00024BF11F8013B11F801CB48BF11F8012B12
:1005B00024BF00F8013B00F801CB48BF00F8012B35
:1005C00070474FF0000200B5134694469646203916
:1005D00022BFA0E80C50A0E80C50B1F12001BFF4FC
:1005E000F7AF090728BFA0E80C5048BF0CC05DF862
:1005F00004EB890028BF40F8042B08BF704748BFB0
:1006000020F8022B11F0804F18BF00F8012B704723
:100610004FF0013C50F8042B51F8043B9A4215D19D
:10062000A2EB0C03934313EACC130BD150F8042B29
:1006300051F8043B9A4209D1A2EB0C03934313EA0D
:10064000CC13E7D04FF00000704700BFD01A01BABA
:10065000B1FA81F101F0180122FA01F0CB40C1F1A9
:100660002001DBB2C0B2C01A2CFA01F3D11A9143B7
:1006700011EAC311E6D1704770477047704770B5F3
:10068000044685690068C10601D5302600E02026B1
:10069000C00707D070BDD4E9012130469047206AD9
:1006A000401C20626D1EF6D570BD70B5044685698C
:1006B0000078C00707D170BDD4E901212020904700
:1006C000206A401C20626D1EF6D570BD09684A057F
:1006D00001D540B27047C905FCD500B27047096822
:1006E0004A0501D5C0B27047C905FCD580B2704734
:1006F00070B50C460546012A05D02878800600D53D
:10070000EA69002302E0012305E05B1C934202D268
:10071000E05C0028F9D1A869E618C01AA861286A27
:10072000184428622846FFF7AAFF04E0D5E9012112
:1007300014F8010B9047B442F8D32846FFF7B5FFF1
:1007400070BD00002DE9F0410646002410687529AF
:10075000314616A510D0FFF7B9FF002802DA404253
:1007600013A507E031688A0701D512A502E0490701
:1007700004D511A5012401E0FFF7B1FF00210A22F1
:1007800006F1240709E0B0FBF2FCB0FBF2F302FB38
:100790001C00303078541846491C0028F3D12346F9
:1007A0002A463046BDE8F04100F097BA000000004C
:1007B0002D0000002B0000002000000011680268DE
:1007C000006A530501D508700AE0D30501D50880F9
:1007D00006E0130603D5C217C1E9000200E0086075
:1007E0000120704701694A1C02610878704700B512
:1007F0008FB0CDE901310021059105497944CDE95A
:1008000003101146684600F029F90FB000BD000042
:10081000E5FFFFFF0A6802F8010B0A60704700005D
:100820002DE9FF5F15468A460446DFF8AC80F844A0
:100830000027D8E900103E46CDE9001010E03AF854
:1008400016106A4602A800F05BFE411C07D0217812
:10085000890603D5E269391891420DD80744761C00
:100860002078800602D5E069B84205DDAE42E6DBBD
:100870003AF816000028E2D1A069C01BA06120460A
:10088000FFF7FDFED8E90010CDE90010002017E0C9
:100890003AF818106A4602A800F032FEB0F1FF3FA5
:1008A00081460BD000250DF1080B05E0D4E90121AC
:1008B0001BF8050090476D1C4D45F7D308F101006A
:1008C000B0428046E4DB206A384420622046FFF7CD
:1008D000ECFEBDE8FF9F0000768D00002DE9F041A1
:1008E0008046D21D22F007020025D2E90002F52938
:1008F00015A614D0011E72F1000106DA0023D0EB18
:10090000030063EB020211A608E0D8F800108B0781
:1009100001D50FA602E0490701D50EA60125114613
:10092000002408F1240704E000F092F930323A552F
:10093000641C50EA0102F7D12B463246214640465C
:10094000BDE8F04100F0C9B9000000002D00000032
:100950002B0000002000000030B4002100F124042E
:1009600008E002F00705D208303542EA4372DB089E
:100970006554491C52EA0305F3D10468002310A210
:10098000250707D5A40600D421B1C46901230DA20F
:10099000641EC46130BC00F0A0B910B50446214605
:1009A0001068FFF79CFE02462046BDE81040002379
:1009B000D2E7D21D22F00701D1E90023CCE70000E5
:1009C0000000000030000000F0B40D460188090569
:1009D00002D5214C7C4402E01F4C7C440E340021A3
:1009E00000F1240608E002F00F071209E75D42EA71
:1009F00003721B097754491C52EA0307F3D10278AA
:100A00000023120704D5702D06D009B1022311343A
:100A10002246F0BC00F061B901231034F8E770B54C
:100A200004460D4621461068FFF759FE0246294646
:100A30002046BDE870400023C6E7D21D22F0070320
:100A4000D3E90023C0E70368126843F02003036082
:100A50000823C3610023B7E7D88B00002DE9F05FBE
:100A6000894604464FF0000ADFF874B1FB44C0F831
:100A700020A02046E1688847002874D0252806D0A9
:100A8000D4E901219047206A401C2062F1E700264A
:100A90005F462046E16888472028054607DB312D60
:100AA00005D2781910F8200C08B10643F1E7B00719
:100AB00001D526F00406C4F81CA00027C4F818A02D
:100AC0002A2D09D0284607F097FF38B304EB870892
:100AD000303DC8F8185019E059F8041B204604EBC3
:100AE00087029161E1688847012F054618D1E069C6
:100AF000002820DA26F020061DE0D8F8180000EBC8
:100B0000800005EB40003038C8F818002046E16846
:100B10008847054607F070FF0028EED1012F0AD064
:100B20002E2D08D12046E16888477F1C0546022FFC
:100B300046F02006C4DBA069002803DA404246F0F4
:100B40000106A061F00701D026F010066C2D0BD035
:100B5000682D09D04C2D39D06A2D35D0742D35D063
:100B60007A2D33D016E038E0E1682F4620468847DA
:100B7000B842054609D16C2F26D04FF48060E16859
:100B8000064320468847054604E06C2F1AD04FF4F0
:100B9000807006430DB3A5F14100192802D8203515
:100BA00046F400664A462946204626604E46FFF730
:100BB000ADFB80B101280BD0F61D26F0070000F137
:100BC000080956E74020E4E78020D8E70020D6E770
:100BD00006F104094DE7284652E7206ABDE8F09F78
:100BE000688B000010B5203AC0F00B80B1E81850B7
:100BF000203AA0E81850B1E81850A0E81850BFF407
:100C0000F5AF5FEA027C24BFB1E81850A0E81850A5
:100C100044BF18C918C0BDE810405FEA827C24BFF9
:100C200051F8043B40F8043B08BF7047D20728BF87
:100C300031F8023B48BF11F8012B28BF20F8023BD6
:100C400048BF00F8012B7047004870470006002499
:100C500030B5B0F10A024FEA900E71F100034EEA8E
:100C6000817EB0EB0E0061EB91014FEA101E4EEA5F
:100C7000017E10EB0E0041EB11114FEA102E4EEAEF
:100C8000016E10EB0E0041EB11214FEA104E4EEABF
:100C9000014E10EB0E0041EB1141401841F10001F3
:100CA0004FEAD00040EA41704FEAD10110EB8005D5
:100CB0004FEA810444EA907444EB01046D1944EB5B
:100CC0000404521BA3414FF0000348BF0A3200D571
:100CD00030BD401C41F1000130BD2DE9F0470D460B
:100CE00099469246044600F124080168880604D516
:100CF000E06921F01001216000E00120A84201DD3F
:100D0000471B00E00027A1697A1902EB0900081AC5
:100D1000A0612078C00602D42046FFF7B0FC002670
:100D200008E0D4E901211AF806009047206A401C27
:100D3000761C20624E45F4DB2078C0060AD520469A
:100D4000FFF79DFC06E0D4E9012130209047206A9E
:100D5000401C2062381EA7F10107F4DC07E0D4E94B
:100D6000012118F805009047206A401C2062281EC7
:100D7000A5F10105F3DC2046FFF797FC207800067B
:100D800002D50220BDE8F0870120FBE770472DE97E
:100D9000FF4F0C461E464FF0FF378BB0D2E90001E3
:100DA000DDF860800A908A46C1F30A5505B93D46D0
:100DB000002108464FF00000BAF1000F00F4400097
:100DC00005DA00EB80004FF4400101EA50004FEAE1
:100DD0009059B9F1010F00DDB9460A9850EA4A006E
:100DE0000ED044F61050A5F2FF3545432F14B8F14C
:100DF000000F1ED07542291E1EDDC9F100021CE045
:100E0000B8F1010F4FF0000001D0302103E0F243B0
:100E100005E02154401CB042FBDB3046002200219B
:100E200021540B99C1F80880C1E900200FB0BDE83A
:100E3000F08FBD1B6D1CDEE74A4600DA694206A84A
:100E400000F0F0FB06AB93E8070003AB83E8070074
:100E500050460A9900F069FC8DE80700A0F50050A3
:100E60001F3800900398002D0ADD42F21F014A4608
:100E70000844002303A90390684600F0D2FE09E06D
:100E8000A0F500504A461F38002303A90390684686
:100E900000F0DCFE8DE807000004000C03D04FF0EA
:100EA000FF30410800E01046B8F1000F03D00022E7
:100EB000009215461EE0751E05D4FFF7C9FE3032BC
:100EC00062556D1EF9D5B3460122084302D00022B7
:100ED0007F1C04E02078302801D100227F1E002AE8
:100EE000099784D01DE0112D07DAFFF7B1FE3032EB
:100EF00062556D1C50EA0102F5D1084302D00098FA
:100F0000C8B10EE00021681E05E0235C625C6354FA
:100F10002254401E491C8142F7DBAB46A81B401EF1
:100F20000990002004F80B000B98099AC0F808807B
:100F3000C0E9002B7AE711264FF0000857E72DE9AA
:100F4000F04F88460446D21D22F0070191B0D1E946
:100F50000001CDE90A0107F0A8FA02460B98C00F7C
:100F600001D02D2007E02068810701D52B2002E069
:100F7000202101EAC000032A099001D0072A05DBDD
:100F800003464146204600F00DFB0BE12078800629
:100F900001D5E06900E00620B8F1650F814606D072
:100FA000B8F1660F18D0B8F1670F70D131E00020AA
:100FB000B9F1110F009001DB112301E009F10103E8
:100FC0000AAA01A90CA8FFF7E2FEDDE90C700026D1
:100FD00009F10105834647E001204B4600904FF0A0
:100FE00000470AAA01A90CA8FFF7D1FEDDE90DB060
:100FF0000C995D46002610B909F101000D18B9EBF6
:10100000050003D4C0F1FF3609F10105A5EB090085
:101010002BE0B9F1010F01DA4FF001090020B9F11D
:10102000110F0090484601DD112300E003460AAA93
:1010300001A90CA8FFF7ABFEDDE90C704D460026B8
:101040008346207800070AD4AB4500DA5D4601A844
:10105000012D04DD411911F8011C302907D04F453D
:1010600002DA17F1040F04DA012082460FE06D1E48
:10107000EEE7002F02DCED1B3E4403E0781CA842A3
:1010800000DD7D1CB81B00F1010A4FF000472078FD
:10109000000703D4AA4501DB4FF0FF3A0021B7F166
:1010A000004F0DF143088DF8431024D002202B236C
:1010B000002F01DA7F422D230A21021EA0F1010038
:1010C00000DC5FB197FBF1FC97FBF1F201FB1C7CAC
:1010D00017460CF1300C08F801CDEEE7A8F101003D
:1010E00003702188090501D5452100E06521A0F1A3
:1010F000010800F8011C09980FA9A1EB0807FF1DC2
:1011000000B10120411901EBEA70A1693844081AC5
:10111000401EA0612078C00602D42046FFF7AFFA37
:10112000099828B1D4E901219047206A401C206227
:101130002078C00622D52046FFF7A1FA1EE0002E37
:1011400004DBB34502DD01A8805D00E03020D4E976
:1011500001219047206A401C2062761CAAF1010000
:101160005FEA000A0AD100F019FAC0680168405C21
:10117000D4E901219047206A401C2062281EA5F175
:101180000105DCDC07E0D4E9012118F8010B9047E8
:10119000206A401C2062381EA7F10107F3DC2046BC
:1011A000FFF783FA032011B041E600002DE9F04F6C
:1011B00004460D46D21D22F0070089B0D0E9009701
:1011C0004846394607F071F90246F80F01D02D2341
:1011D00007E02068810701D52B2302E0202101EAE6
:1011E000C0038DF820300BB1012000E00020032A5D
:1011F000824601D0072A04DB2946204600F0D2F9B6
:101200003FE12078800601D40D2500E0E569C7F3B1
:101210000A560D2D49DA00214FEA175B08464FF0B8
:101220000000002F00F4400007DA00EB80004FF4CC
:10123000400100EBD07001EA60008115012901DD59
:101240004FF0FF3100224FEA850CBCF1180F06D396
:101250001346ACF118004FF08052C24003E04FF447
:10126000801323FA0CF30CF10C0CBCF1200F04D307
:10127000ACF1200C09FA0CF001E007FA0CF000299F
:101280004FF0004801DD18B90FE00ED140450CD3F6
:1012900019EB02095F4121B9404502D19F4329EA78
:1012A0000209BBEB175F00D0761C2088000502D531
:1012B0007B48784402E07A487844193808AA3023F9
:1012C00002F80A30037C0AF10101002E0AF1020A39
:1012D00053546A4602DC4FF0300101E04FF0310117
:1012E0004FF001088DF8001002D0A6F2FF3603E09F
:1012F00059EA470100D06B4E002D02DC2178090726
:1013000004D54FF002082E218DF80110C4460021AB
:101310000BE0C7F303433F01C35C491C6D1E02F899
:101320000830052908F1010801DA002DF1DC00215F
:101330000CE000EB1973491C1B786D1E082902F89C
:1013400008304FEA091908F1010801DA002DF0DC34
:1013500021688B0602D516E0A8F10108E04505DDFD
:1013600002EB080313F8013C302BF5D0B8F1000F65
:1013700009DD02EB080313F8013C2E2B03D109070A
:1013800001D4A8F10108002D05DD3E2102F8081066
:101390006D1E08F10108407C002E02F8080008F1DB
:1013A000010804DA2D20764202F8080002E02B2022
:1013B00002F808000A214FF47A70864208F1010809
:1013C0000BDB96FBF0F3303302F8083096FBF0F3BA
:1013D00008F1010800FB136601E0642E0CDB6420B9
:1013E00096FBF0F3303302F8083096FBF0F308F187
:1013F000010800FB136601E00A2E06DB96FBF1F004
:10140000303002F8080008F1010896FBF1F001FB0A
:101410001060303002F80800A16908F1010808EBFB
:10142000050202EB0A00081AA0612078C00602D467
:101430002046FFF724F9216A08AE01EB0A0020627A
:1014400004E0D4E9012116F8010B9047BAF1010A32
:10145000F7D22078C00602D52046FFF710F96E4675
:1014600009E016F8010B3E280FD0D4E9012190477E
:10147000206A401C2062B8F10108F2D22046FFF732
:1014800014F909B00320BDE8F08F206A28442062D7
:1014900003E0D4E90121302090476D1EEBD3F8E73B
:1014A000ED83000002FCFFFF10B5436913B1AFF3F9
:1014B000008001E0FFF71CF9012010BD127800F157
:1014C00024010A7000224A700122EDE711684FF0F2
:1014D000FF32E9E710B5436913B1AFF3008001E0D3
:1014E000FFF79EF9012010BD128800F124018284CB
:1014F0000022C2840122EDE711684FF0FF32E9E7D4
:1015000070B516460C46054600F040F8036893F89F
:101510000101012806D0FF2C0FD8185D68B1012009
:101520002C7070BDD3F807013246214603F2071331
:1015300003442846BDE8704018474FF0FF3070BDA7
:101540007546FFF781FBAE4605006946534620F01D
:101550000700854618B020B5FEF752FFBDE82040D1
:101560004FF000064FF000074FF000084FF0000B5F
:1015700021F00701AC46ACE8C009ACE8C009ACE812
:10158000C009ACE8C0098D467047000010B500F0F6
:1015900005F8001D10BD00BF017500000048704730
:1015A000200600242DE9F0411F4604460326016869
:1015B000072A01F4006004DB08B116A505E016A5B2
:1015C00003E008B115A500E015A521F0100020608A
:1015D000A069C01EA0610FB1401EA0612046FFF7A8
:1015E0004EF84FB1D4E9012138469047206A401C9B
:1015F0002062C01C206206E0206AFAE7D4E90121DB
:1016000015F8010B9047761EF8D22046FFF74DF8EB
:10161000BDE8F0814E414E006E616E00494E4600BD
:10162000696E66002DE9F047814616468AB0354856
:1016300078440DC88DE80D0032487844801C03AC16
:101640000DC884E80D0041F69B300844372190FB1B
:10165000F1F290FBF1F5A5F1800501FB12041B3CB2
:1016600002D56442012000E00020DFF898A0804607
:101670000027FA44AAF1BE0A0EE0E0070AD032467B
:10168000684607EB470101230AEB810100F0DEFA0F
:101690008DE8070064107F1C002CEED1194F7F44A9
:1016A000AE3F19E0E80715D007EB04100DF1180A5A
:1016B00090E80E008AE80E00C068F04201D1981947
:1016C00008903246012306A903A800F0BFFA03AB35
:1016D00083E807006D10641C002DE3D14FF0010377
:1016E00032466946B8F1000F03A802D000F099FA1B
:1016F00001E000F0ABFAC9E90001C9F808200AB01E
:10170000BDE8F0870081000010B50446AFF300800B
:101710002046BDE81040FEF75EBE000001491820DB
:10172000ABBEFEE72600020070475FEA400C08BF30
:1017300091F0000F4FEA8C234FEAC12243EA515146
:101740004FEA1C5018BF00F5F0404FEA300018BFB8
:1017500041F000415FEA6C5C00F02980BCF1FF3F82
:1017600008BF40F080407047130C06BF12044FF0D2
:10177000100C4FF0000C130E04BF12020CF1080CF9
:10178000130F04BF12010CF1040C930F04BF92005D
:101790000CF1020CD30F04BF52000CF1010C1146E6
:1017A0004FF00002A0F11F00A0EB0C00704711F0F9
:1017B000004F08BF704731F000413FF4D5AF0B0C2C
:1017C00006BF09044FF0100C4FF0000C0B0E04BFC5
:1017D00009020CF1080C0B0F04BF09010CF1040CF9
:1017E0008B0F04BF89000CF1020CCB0F04BF490022
:1017F0000CF1010CCCF12003A0EB0C0022FA03F356
:1018000002FA0CF241EA030100F10100704720F0F6
:101810007F4C80EA030023F07F47ACEB070303F51E
:101820007C5300F0004003F1FF032DE980494FEAAB
:10183000154B09B44FEA144325EA0B4E24EA03483A
:101840000FF2042606EB132749083E785FEA3202BE
:1018500003FB0667C7F5000707FB06F64FEA543798
:101860004FEAD64606F1020607FB066CCCF1005C97
:101870004FEA1C472CEA074C07FB06F40CFB06F565
:1018800004EB15464FEA961634BF00204FF0004097
:101890004FEAD13706FB07FC4FEA1C4C0CFB0BF759
:1018A000D21B03FB0CF761EB07010CFB0EF7B0EB4F
:1018B000074072EB17420CFB08F734BFA2EB07425C
:1018C000B2EB074261EB17414FEA0C444FEA910734
:1018D00006FB07FC4FEA1C4C0CFB0BF7B0EBC740B8
:1018E00072EB573203FB0CF734BFA2EBC742B2EBEB
:1018F000C74261EB57310CFB0EF7B0EBC70072EB40
:1019000057720CFB08F734BFA2EBC702B2EBC70259
:1019100061EB5771039F4FEA816141EA921104EB39
:10192000CC044FEAD1374FEA826206FB07FC42EA59
:1019300090124FEA80604FEA1C4C0CFB0BF7D21B55
:1019400003FB0CF761EB07010CFB0EF7B0EB074054
:1019500072EB17420CFB08F734BFA2EB0742B2EB65
:10196000074261EB17414FEA8C554FEA910704EBB0
:101970009C2406FB07FC4FEA1C4C0CFB0BF7B0EB5E
:10198000C74072EB573203FB0CF734BFA2EBC742E0
:10199000B2EBC74261EB57310CFB0EF7B0EBC7005F
:1019A00072EB57720CFB08F734BFA2EBC702B2EB25
:1019B000C70261EB577115EB4C254FEA816141EA93
:1019C00092114FEA82624FEAD13742EA901206FB47
:1019D00007FC44F100044FEA80604FEA1C4C0CFB0A
:1019E0000BF7D21B03FB0CF761EB07010CFB0EF7A7
:1019F000B0EB074072EB17420CFB08F734BFA2EBC9
:101A00000742B2EB074261EB174115EB1C154FEA99
:101A1000813141EA92414FEA823242EA90424FEAF2
:101A200080304FEA0C7644F1000448EA03434EEA62
:101A30000B484FF0000EB2EB080C71EB030724BF0C
:101A4000624639464EEB0E0E4FF0000B0018524125
:101A500049414BEB0B0BB2EB080C71EB03077BF12D
:101A6000000B24BF624639464EEB0E0E4FF0000BC2
:101A70000018524149414BEB0B0BB2EB080C71EBD8
:101A800003077BF1000B24BF624639464EEB0E0E76
:101A900051EA020718BF46F0010616EB0E7655F123
:101AA000000254F1000103D5BDE88901BDE80088BA
:101AB000BDE88901BDE80048B619524141EB01017A
:101AC000A3F10103704780807F7E7D7C7B7A7978EB
:101AD000777676757473727171706F6E6E6D6C6CF3
:101AE0006B6A6A6968686766666564646363626195
:101AF0006160605F5F5E5E5D5D5C5C5B5B5A5A5916
:101B00005958585757565655555554545353525281
:101B10005251515050504F4F4F4E4E4D4D4D4C4CD9
:101B20004C4B4B4B4A4A4A49494948484847474722
:101B3000474646464545454444444443434343425F
:101B4000424242414141002B9C4630D477002BD089
:101B50001CB54FEA370703B44FF010004FF01001E7
:101B6000BAF1000F06D0BCF1000FDCBF40F0080056
:101B700040F008014FF000000FBCBDE810400BF131
:101B8000010BBBF1010F08BF5FEA170722BF12F17B
:101B9000010211F101014FF0004143F1000300F097
:101BA000004043EA00007047F9D35708D0E746EAFF
:101BB000064613F1400F4FEA16461FDD13F1200FC2
:101BC000DFBF16430A46002120335B42BED0C3F17B
:101BD000200746EA064602FA07F74FEA164646EAA3
:101BE0000706C3F1200722FA03F201FA07F721FAE8
:101BF00003F14FF0000342EA0702A7E746EA0206B4
:101C000046EA06464FEA164646EA0106BCBF46EAE1
:101C10000646360C4FF000034FF000024FF0000173
:101C200094E72DE9804C9A46934670B491E83800C9
:101C300007C831EA400C48BF34EA430C03D5FFF72C
:101C4000E6FDFFF780FFF0BCBDE8008C2DE9804C7D
:101C50009A46934670B491E8380007C810F0804F58
:101C600008BF13F0804F03D100F005F8FFF76BFFBA
:101C7000F0BCBDE8008C20F07F4780EA030023F031
:101C80007F4C07EB0C03A3F57C5300F00040A3F15D
:101C9000FE0392F0000F00F0B38095F0000F00F00B
:101CA00077802DE901494FEA11404FEA144621EAB5
:101CB000004800FB06FC24EA064708FB06F607FB83
:101CC00008F800FB07F718EB06484CEB164C4FEAF8
:101CD000124B18EB07484FEA15464CEB174022EA27
:101CE0000B4E0BFB06FC25EA06470EFB06F607FB30
:101CF0000EFE0BFB07F71EEB064E4CEB164C4FF09F
:101D000000061EEB074E4CEB174B18EB0B0840F18F
:101D1000000018EB0E0B58EB000840F100008F1A82
:101D20004FF000013CBFC943661B14BFB5EB040C68
:101D300000213CBFC943F61B4FEA17444EEA8E0E02
:101D400027EA04454FEA1C4704FB07622CEA074CCC
:101D500005FB07F70CFB05F604FB0CFC16EB07462E
:101D600042EB174216EB0C4642EB1C421BEB0606FD
:101D700058EB0202414146EA9E0601D5BDE80189C1
:101D8000B619524141EB0101A3F10103BDE80189FC
:101D90004FEA14454FEA114724EA054621EA074C69
:101DA00005FB07F406FB07F70CFB06F105FB0CFC33
:101DB00011EB074144EB17444FEA124711EB0C417A
:101DC00044EB1C4422EA074C05FB07F206FB07F72D
:101DD0000CFB06F605FB0CFC16EB074642EB174224
:101DE00016EB0C4642EB1C456A1854F1000148BF43
:101DF0007047B619524141EB0101A3F1010370474D
:101E000095F0000F37D04FEA11424FEA144721EA0C
:101E1000024624EA074C02FB07F106FB07F70CFB1E
:101E200006F402FB0CFC14EB074441EB17414FEAAC
:101E3000154714EB0C4441EB1C4125EA074C02FB0F
:101E400007F506FB07F70CFB06F602FB0CFC16EB8E
:101E5000074645EB174516EB0C4645EB1C4212199D
:101E600051F1000148BF7047B619524141EB0101E1
:101E7000A3F1010370474FEA14454FEA114724EAE2
:101E8000054621EA074C05FB07F106FB07F70CFBAB
:101E900006F24FF0000605FB0CFC12EB074241EB8B
:101EA000174112EB0C4251EB1C4148BF704792188E
:101EB00041EB0101A3F101037047FEE7014800F087
:101EC00009BC000070000024294A016891423AD000
:101ED000274A1832914236D0254A3032914232D0C8
:101EE000234A483291422ED0214A603291422AD070
:101EF0001F4A7832914226D01D4A9032914222D018
:101F00001B4AA83291421ED01A4A91421BD0194A4C
:101F10001832914217D0174A3032914213D0154AE5
:101F2000483291420FD0134A603291420BD0114A8D
:101F30007832914207D00F4A9032914203D00D4A35
:101F4000A832914211D1CAB21823103AB2FBF3F26F
:101F50006FF30901032A02F00703074AD25CC26546
:101F600000D9091D81650846704721F0FF01F9E796
:101F70001000024010040240268C000830B5224AAE
:101F8000012301689142CAB21BD01F4C1434A142F4
:101F900017D01D4C2834A14213D01B4C3C34A14215
:101FA0000FD0194C5034A1420BD0174C6434A142CD
:101FB00007D0154C7834A14203D0134C8C34A14285
:101FC0000CD11421114C083AB2FBF1F10F4A8032C6
:101FD00001F01F0504EB8101AB4010E00C4D18240B
:101FE000103A0D44B2FBF4F1A82D00D80831094A8B
:101FF00001F01F0402EB8101064AA34080326030E9
:1020000080E80E0030BD0000085402580058025805
:10201000F0FBFDBF0008024010B50279531E072BEC
:102020002DD8174C0168A1421BD0154C1434A14285
:1020300017D0134C2834A14213D0114C3C34A14288
:102040000FD00F4C5034A1420BD00D4C6434A14240
:1020500007D00B4C7834A14203D0094C8C34A142F8
:1020600003D10849074C443102E00749064C44318A
:1020700004EB8202C0E91B2101219940416710BD98
:1020800008540258FC580258FC08024010B58369F5
:102090004FF0C074826A0146002053B1B3F5005F6F
:1020A00015D072B1012A0CD0022A0AD0032A09D114
:1020B00004E01AB1012A06D0022A03D1C96AC90173
:1020C00000D5012010BDC96AA142FAD010BD002A76
:1020D000F7D0012AF2D0022AF3D0032AF3D010BDA0
:1020E000704772B6FEE700002DE9F84F044601F094
:1020F00075F900903CB194F83500022806D0802193
:1021000061650020E4E00120BDE8F88FC74DC74EAF
:10211000C649183520683036DFF81483DFF8149389
:102120008842DFF814A3DFF814B32ED0A8422CD0D5
:10213000B0422AD0404528D0484526D0504524D02A
:10214000584522D0BD4A183290421ED0BC4A904217
:102150001BD0BB4A1832904217D0B94A3032904255
:1021600013D0B74A483290420FD0B54A60329042FD
:102170000BD0B34A7832904207D0B14A90329042A5
:1021800003D0AF4AA832904209D1026822F01E0261
:1021900002602068426922F08002426103E0026826
:1021A00022F00E02026027688F4238464DD0A842C6
:1021B0004BD0B04249D0404547D0484545D0504526
:1021C00043D0584541D09D4A183290423DD09C4A58
:1021D00090423AD09A4A1832904236D0984A3032D9
:1021E000904232D0964A483290422ED0944A603281
:1021F00090422AD0924A7832904226D0904A903229
:10220000904222D08E4AA83290421ED08D4A9042EF
:102210001BD08C4A1432904217D08A4A28329042FE
:1022200013D0884A3C3290420FD0864A50329042B6
:102230000BD0844A6432904207D0824A783290426E
:1022400003D0804A8C32974204D1206E026822F477
:102250008072026075492068884228D0A84226D042
:10226000B04224D0404522D0484520D050451ED011
:1022700058451CD071491831884218D0704988429D
:1022800015D06F491831884211D06D4930318842DC
:102290000DD06B494831884209D069496031884284
:1022A00005D067497831884201D06549903101688D
:1022B00021F0010101600EE001F090F80099401A50
:1022C000052808D9202262650321002084F83510F2
:1022D00084F8340017E73868C007EDD1534A01216C
:1022E000206890422ED0A8422CD0B0422AD040453F
:1022F00028D0484526D0504524D0584522D04F4BB1
:10230000183398421ED04E4B98421BD04C4B18337A
:10231000984217D04A4B3033984213D0484B483339
:1023200098420FD0464B603398420BD0444B7833E1
:10233000984207D0424B9033984203D0404BA83389
:10234000984208D194F85C703F23A06D07F01F07F6
:10235000BB40836007E094F85C30A06D03F01F037E
:1023600001FA03F34360206890424DD0A8424BD05D
:10237000B04249D0404547D0484545D0504543D06C
:10238000584541D02D4A183290423DD02C4A9042B7
:102390003AD02B4A1832904236D0294A30329042F5
:1023A00032D0274A483290422ED0254A603290429D
:1023B0002AD0234A7832904226D0214A9032904245
:1023C00022D01F4AA83290421ED01E4A90421BD0F3
:1023D0001C4A1432904217D01A4A2832904213D025
:1023E000184A3C3290420FD0164A503290420BD0DD
:1023F000144A6432904207D0124A7832904203D095
:10240000104A8C3290420BD1D4E919024260E06E3E
:1024100030B1026822F480720260D4E91C0242608A
:10242000002084F8351084F834006DE61000024076
:10243000580002407000024088000240A0000240A4
:1024400010040240085402582DE9F05F28B190F8BA
:102450003510022904D0802141650120BDE8F09F9C
:10246000904C904B0168183C18338E4ADFF83C9230
:10247000A1428D4CDFF838E28E4FDFF83CB2DFF836
:102480003CA28F4D8F4E31D091422FD099422DD00A
:10249000A1422BD0494529D0714527D0B94225D03A
:1024A000DFF810C20CF1180C61451FD0DFF808C22C
:1024B000ACF1600C614519D0DFF8FCC1ACF1480CFF
:1024C000614513D0DFF8F0C1ACF1300C61450DD09F
:1024D000DFF8E4C1ACF1180C614507D0594505D0CF
:1024E000514503D0A94201D0B1422CD1DFF8B4C18B
:1024F0004FF0040880F83580ACF1180C61451DD010
:1025000091421BD0994219D0A14217D0494515D00C
:10251000714513D0B94211D06648183081420DD0B0
:1025200065486038814209D063484838814205D007
:1025300061483038814201D05F481838086820F07F
:1025400001000860ABE0D1F800C02CF00E08DFF805
:1025500054C1C1F80080ACF1180C0168614527D066
:10256000914225D0994223D0A14221D049451FD084
:1025700071451DD0B9421BD0DFF838C10CF1180CE1
:10258000614515D0DFF830C1ACF1600C61450FD06A
:10259000DFF824C1ACF1480C614509D0DFF818C15F
:1025A000ACF1300C614503D0DFF80CC1ACF1180C74
:1025B000D1F800C02CF0010CC1F800C0DFF8E480B5
:1025C0004FF0010C0168A8F11808414546D091422E
:1025D00044D0994242D0A14240D049453ED07145B5
:1025E0003CD0B9423AD0334A1832914236D0324ABE
:1025F000603A914232D0304A483A91422ED02E4A27
:10260000303A91422AD02C4A183A914226D0594564
:1026100024D0514522D0A94220D0B1421ED02A4A0E
:1026200091421BD0284A1432914217D0264A2832B0
:10263000914213D0244A3C3291420FD0224A503268
:1026400091420BD0204A6432914207D01E4A783220
:10265000914203D01C4A8C32914218D1016E0A6813
:1026600022F480720A6090F85C20816D02F01F02F3
:102670000CFA02F24A60D0E919124A60C16E31B117
:102680000A6822F480720A60D0E91C124A600022B3
:10269000016D80F835C080F8342001B188470020F2
:1026A000DCE60000280002405800024070000240B2
:1026B00088000240A00002407004024088040240EA
:1026C000A0040240B80402400854025890F83500B3
:1026D000704700002DE9FC5F0446F74E0020DFF84C
:1026E000D88300904FF41652F44808F11808A56DED
:1026F000DFF8C493DFF8C0A3016809F1300920684E
:102700000AF1480AB1FBF2F1B04201912F68D5F805
:1027100000C0DFF8ACB335D04146884232D04845DE
:1027200030D050452ED058452CD0E549183188423C
:1027300028D0E3493031884224D0E14948318842E9
:1027400020D0E04988421DD0DE491831884219D096
:10275000DC493031884215D0DA494831884211D0FD
:10276000DFF860E30EF1600E70450BD0D54A783289
:10277000904207D0D34B9033984203D0D149A8312F
:1027800088427DD194F85C20082102F01F0201FAF2
:1027900002F23A424AD0B04232D0404530D04845A9
:1027A0002ED050452CD058452AD0C54A18329042D8
:1027B00026D0C34A3032904222D0C14A4832904299
:1027C0001ED0C04A90421BD0BE4A1832904217D049
:1027D000BC4A3032904213D0BA4A483290420FD0AD
:1027E000B84A603290420BD0B64A7832904207D055
:1027F000B44A9032904203D0B24AA832904203D1F8
:10280000026802F0040202E0026802F008026AB103
:10281000026822F00402026094F85C0000F01F00DD
:102820008140A960606D40F00100606594F85C0033
:10283000012100F01F008140394240D02068B042A1
:1028400034D0404532D0484530D050452ED0584540
:102850002CD09B4A1832904228D0994A303290426C
:1028600024D0974A4832904220D0964A90421DD0B8
:10287000944A1832904219D0924A3032904200E085
:10288000AFE113D08F4A483290420FD08D4A603268
:1028900090420BD08B4A7832904207D0894A9032CE
:1028A000904203D0874AA83290427DD1406910F00F
:1028B000800F04D0A960606D40F00200606594F85C
:1028C0005C00042100F01F00814039423ED02068A6
:1028D000B04232D0404530D048452ED050452CD063
:1028E00058452AD0764A1832904226D0744A30325F
:1028F000904222D0724A483290421ED0714A904291
:102900001BD0704A1832904217D06E4A3032904233
:1029100013D06C4A483290420FD06A4A60329042DB
:102920000BD0684A7832904207D0664A9032904283
:1029300003D0644AA83290424ED1006810F0020FD2
:1029400004D0A960606D40F00400606594F85C00FC
:10295000102100F01F008140394258D02068B04259
:1029600034D0404532D0484530D050452ED058451F
:102970002CD0534A1832904228D0514A30329042DB
:1029800024D04F4A4832904220D04E4A90421DD027
:102990004C4A1832904219D04A4A3032904215D0EF
:1029A000484A4832904200E014E00FD0454A603275
:1029B00090420BD0434A7832904207D0414A90323D
:1029C000904203D03F4AA832904207D1006800F0FD
:1029D000080006E0006872E70068B7E7006800F0EA
:1029E0000400A0B1A96020680168490304D500680B
:1029F000000308D5A16C07E00168C90503D401688C
:102A000021F008010160216C09B12046884794F843
:102A10005C00202100F01F008140394279D02068FD
:102A2000B04232D0404530D048452ED050452CD011
:102A300058452AD0224A1832904226D0204A3032B5
:102A4000904222D01E4A483290421ED01D4A9042E7
:102A50001BD01C4A1832904217D01A4A303290428A
:102A600013D0184A483290420FD0164A6032904232
:102A70000BD0144A7832904207D0124A90329042DA
:102A800003D0104AA832904203D1006800F0100031
:102A900002E0006800F00200B0B3A96094F83500CD
:102AA0000428206801680FD049037ED50068000320
:102AB0002BD4616C2AE00000100002400C000024BE
:102AC000700002401004024021F0160101602068ED
:102AD000416921F080014161206C08B9A06C20B1EE
:102AE0002068016821F00801016094F85C303F2102
:102AF000012003F01F0300229940A96084F83500EB
:102B000084F83420216D65E003E0E16B09B12046D3
:102B10008847606D00287DD0606DC00759D020685F
:102B2000042184F83510B0422BD0404529D04845C7
:102B300027D0504525D0584523D09D49884220D0E4
:102B40009B49183188421CD099493031884218D0AD
:102B50009849884215D097491831884211D0954933
:102B6000303188420DD093494831884209D091498B
:102B70006031884205D08F497831884201D08D4933
:102B80009031016821F00101016020680099019AEB
:102B9000491C0091914202D80168C907F6D100682A
:102BA000C00710D003200FE0FFE70168C905ACD4CF
:102BB00003680121002223F01003036084F835101C
:102BC00084F83420A1E7012084F83500002084F83F
:102BD0003400E16C00291DD002B02046BDE8F05F52
:102BE0000847754988421DD073491431884219D06D
:102BF00071492831884215D06F493C31884211D043
:102C00006D49503188420DD06B496431884209D0FA
:102C1000694900E084E07831884203D066498C310C
:102C200088427DD194F85C800427016808F01F0871
:102C300007FA08F717EA0C0F009746D04F0744D55C
:102C400000980F04686003D5C8033CD4A16CC1E7A9
:102C5000880638D42068B0422DD055496039884262
:102C600029D0484527D0504525D0584523D0504934
:102C7000884220D04E49183188421CD04C4930310E
:102C8000884218D04B49884215D04A4918318842A9
:102C900011D04849303188420DD0464948318842E8
:102CA00009D0704507D0904205D0984203D04149E1
:102CB000A831884203D1016821F0080102E00168CF
:102CC00021F004010160216C84E7022707FA08F76C
:102CD00017EA0C0F00974ED08F074CD500980F04C1
:102CE000686003D5C80344D4616C73E7880640D498
:102CF0002068B0422FD02E49603988422BD04845F9
:102D000029D0504527D0584525D02949884222D07E
:102D10002749183188421ED025493031884200E0C9
:102D200044E018D02349884215D0224918318842FE
:102D300011D02049303188420DD01E494831884297
:102D400009D0704507D0904205D0984203D0194968
:102D5000A831884203D1016821F0140102E0016822
:102D600021F00A010160012184F83510002084F867
:102D70003400E16B2EE7082202FA08F212EA0C0F87
:102D800014D0090712D5016821F00E01016094F8F2
:102D90005C100120002201F01F0100FA01F16960BE
:102DA000606584F8350084F8342012E7BDE8FC9FA4
:102DB0008800024010040240085402582DE9F05FD8
:102DC000044600F00BFB002C07467DD0E34E0221A9
:102DD00020684FF00308DFF888934FF00005DFF814
:102DE00084A3B042DFF880B334D0DC4A183290427A
:102DF00030D048452ED050452CD058452AD0DA4AFC
:102E00001832904226D0D84A3032904222D0D64A48
:102E1000483290421ED0D54A90421BD0D34A183235
:102E2000904217D0D14A3032904213D0CF4A483224
:102E300090420FD0CD4A603290420BD0CB4A7832CC
:102E4000904207D0C94A9032904203D0C74AA83274
:102E500090427DD184F83510B04284F834502ED0A1
:102E6000BE49183188422AD0484528D0504526D03E
:102E7000584524D0BC491831884220D0BA49303155
:102E800088421CD0B8494831884218D0B749884296
:102E900015D0B6491831884211D0B4493031884232
:102EA0000DD0B2494831884209D0B04960318842DA
:102EB00005D0AE497831884201D0AC4990310168E3
:102EC00021F00101016008E027E100BF00F086FA6F
:102ED000C01B052801D920211CE120680068C0071B
:102EE000F4D104F108002168D4E9053C8E4685C878
:102EF00009681043D4E907281F43636A38439C4F8D
:102F000040EA0C001043394040EA0800042B40EA34
:102F1000010003D1D4E90B12114308439549096814
:102F20006FF30F01B1F1005F0FD36168A1F12902C6
:102F3000052A08D9163A032A05D9083A012A02D9DE
:102F40004F39032901D840F48010CEF8000000E08A
:102F500023E02068676A4069042F20F0070047EAF1
:102F600000070DD1D4E90A01074349B12046FFF714
:102F70008DF828B140206065012184F83510CCE03F
:102F8000206847612046FEF79FFF94F85C203F21B0
:102F900002F01F029140816054E0774A90421BD0BA
:102FA000754B1433984217D0734B2833984213D083
:102FB000714B3C3398420FD06F4B503398420BD03B
:102FC0006D4B6433984207D06B4B7833984203D0F3
:102FD000694B8C3398427DD184F8351084F8345095
:102FE000664B0168A26801EA030E402A73D0802A6A
:102FF00072D00022D4E90378D4E9053142EAD7023D
:1030000042EAD8085C4AD4E9077C48EAD30848EA8F
:10301000D10141EAD701524241EA1C11142341EA8D
:103020000E01016020681044B0FBF3F08000E06501
:103030002046FEF749FF94F85C20012102F01F02B0
:10304000914041602068B04257D0444918318842CD
:1030500053D0484551D050454FD058454DD04249A6
:103060001831884249D040493031884245D03E49E4
:103070004831884241D03D4988423ED03B491831D1
:1030800088423AD039493031884236D037494831C0
:10309000884232D03549603188422ED03349783168
:1030A00088422AD031499031884226D02F49A83110
:1030B000884222D0304988421FD02F49143188429B
:1030C0001BD02D492831884217D02B493C318842EA
:1030D00013D002E01DE017E018E027495031884284
:1030E0000BD025496431884207D023497831884282
:1030F00003D021498C31884229D12046FEF73EFF7A
:10310000A06880280CD00CE0102273E74FF48042B6
:1031100070E74021616584F835800120BDE8F09FAB
:103120006560216E20790860D4E91901416060680A
:10313000401E072808D82046FEF76EFFE06E0560A7
:10314000D4E91C01416002E0E5662567656701205E
:10315000656584F835000020E0E7000010000240BB
:10316000400002405800024070000240100402403B
:103170003F8010FE0010005C085402580F00FEFF54
:1031800070B5044600F02AF90546601C02D00448D8
:103190000078044400F022F9401BA042FAD370BD2D
:1031A000000000242DE9F84F03247D4D00234FF04B
:1031B00001094FF0B04B4FF00F0AE9E009FA03F7AD
:1031C0003A4076D00E7906F00306012E01D0022E89
:1031D00018D1D0F808C04FEA430ECE6804FA0EF8B2
:1031E0002CEA080C06FA0EF646EA0C068660D0F8C1
:1031F00004C00E792CEA070CC6F300169E4046EA7E
:103200000C0646600E79F643B6070BD0C6684FEA47
:1032100043088F6804FA08FC26EA0C0607FA08F748
:103220003743C7600E7906F00306022E12D1DE087E
:103230000F694FEA437C00EB8606B646366A4FEAD2
:10324000DC6C0AFA0CF807FA0CF726EA0806374392
:10325000CEF820700F7906684FEA430807F003079D
:1032600004FA08FC07FA08F726EA0C063743076059
:103270004E6816F4403F1CD04A4E376847F00207AC
:10328000376036689F0706F00206009623F00306B3
:1032900006F1B046B6463F0FD6F80864DFF808815D
:1032A0000AFA07FC404526EA0C0603D14FF0000C51
:1032B00041E06CE0DFF8F4C0604502D14FF0010C52
:1032C00039E0DFF8ECC0604502D14FF0020C32E08B
:1032D000DFF8E0C0604502D14FF0030C2BE0DFF8CF
:1032E000D8C0604502D14FF0040C24E0DFF8CCC018
:1032F000604502D14FF0050C1DE0DFF8C4C0604509
:1033000002D14FF0060C16E0DFF8B8C0604502D1DC
:103310004FF0070C0FE0DFF8B0C0604502D14FF06E
:10332000080C08E0DFF8A4C0604502D14FF0090C9A
:1033300001E04FF00A0C0CFA07FC4CEA060CCEF840
:1033400008C44F68DBF80060FF0226EA020600D5D9
:1033500016435F46CBF80060D1F804C0DBF8046088
:103360005FEA8C2C26EA020600D516437E606E6862
:103370004F6826EA0206BF0300D516436E602E682A
:103380004F6826EA0206FF0300D516432E605B1C39
:103390000A6832FA03F67FF411AFBDE8F88F000037
:1033A00080000058F44402580000025800040258FB
:1033B00000080258000C025800100258001402586D
:1033C00000180258001C025800200258002402581D
:1033D00001480068000C70470010005C01488068DC
:1033E000704700000000002430B590F84120202AEA
:1033F00024D190F84020012A20D0012380F84030C9
:10340000242280F84120202300240268156825F03A
:10341000010515600268156825F48055156002687D
:1034200015680D43156001680A6842F001020A60E0
:1034300080F8413080F84040002030BD022030BD8F
:1034400030B590F84120202A22D190F84020012A5E
:103450001ED0012380F84030242280F8412020240F
:1034600000250268136823F00103136002681368E3
:1034700023F4706343EA0121116001680A6842F095
:1034800001020A6080F8414080F84050002030BDC1
:10349000022030BD074908B50A6842F002020A60FE
:1034A000096801F00201009103490A6802430A60B9
:1034B00008BD0000F44402580404005870477047E7
:1034C00030B403689A691968D243D40509D4CC434F
:1034D000240606D4456C4FF4807445F0010545641C
:1034E000DC6153050AD4CB431B0607D4446C4FF46C
:1034F000806344F0080444640468E36192050AD4DC
:10350000C943090607D4426C4FF4007142F002022D
:1035100042640268D161416C11F00B0F02D030BCE3
:1035200002F05AB930BC70470268436B9169126867
:10353000002B00D0184770477047000070B504009A
:1035400004D094F84100002510B106E0012070BDC0
:10355000204684F8405000F053F9242084F84100BC
:103560002068016821F001010160D4E9001020F019
:10357000706008612068816821F400418160E06822
:1035800021680128A06830D040F404408860E068D9
:103590000228206841682BD021F400614160206836
:1035A0002021154A4368134343602068C26822F40F
:1035B0000042C26054F8106B0DCC104340EA032067
:1035C000F06054F81C3CD4E900021043186054F831
:1035D0001C0D026842F001020260656484F841102B
:1035E000256384F84250002070BD40F40040CDE7D0
:1035F00041F40061D2E7000000800002704770478C
:1036000003F072BD2DE9FF4F81B0044690F84100F0
:1036100099469046DDF838B020287BD194F84000D8
:10362000012877D0012084F84000FFF7D7FE01225F
:10363000064619230090D103204602F098FF002887
:1036400053D1414921220025C4F82480102084F858
:103650004120FF2784F842006564A4F82A90608D19
:103660004FF080794FF0007A6563FF2802D94B460E
:10367000278505E0608D534620850004000C10D09E
:10368000226898F800009062606A401C6062608D59
:10369000401E6085208D401E2085401C0091C2B2D6
:1036A00001E0002200910299204602F033FF13E06E
:1036B00002F0C7FFC8B9606A216800788862606A52
:1036C000401C6062608D401E6085208D401E80B26F
:1036D0002085618D01B160B1608D32465946002868
:1036E0002046E5D102F081FFE0B1012005B0BDE840
:1036F000F08F00225B4680212046009602F037FFC3
:103700000028F2D1608DFF2805D927853A464B461F
:103710000095C8E716E0608D53462085009594F823
:103720002820C0E721682020084AC86121684B682A
:1037300013404B6084F8410084F84250002084F824
:103740004050D3E70220D1E70020008000E800FECF
:10375000F8B5044690F84100202846D120688569D4
:10376000ED432D0441D594F84050012D3DD0DFF8B4
:1037700080C02126102784F84160002584F842701B
:1037800065646385C4F82CC0638D0127194E666398
:10379000FF2B194E626284F8407003D9FF272785FA
:1037A000F30206E0678D4FF0007327853F043F0C5E
:1037B0000ED012788262606A401C6062608D401E8A
:1037C0006085208D401E2085401C0096C2B201E01D
:1037D00000220096204602F09DFE0121204684F83A
:1037E000405001F059FF0020F8BD0220F8BD000054
:1037F0000000FFFF855F00080020008070477047D1
:1038000070B5B6B00646142130A8FCF7DAFEC02128
:103810006846FCF7D6FE2B493068884250D100201C
:10382000219008210546CDE90010684600F07AFA9B
:1038300008B1FEF756FC2448016841F0020101601E
:10384000006830AB122100F0020035904FF4406068
:10385000042283E823001D4830A9CDE93352FFF745
:10386000A1FC19480830016841F48001016000683A
:103870002421174C402200F480003590154884E83C
:10388000270003152046C4E90435A561E5612562DA
:103890006562FFF793FA08B1FEF723FC0022B463D8
:1038A00021201146A66300F08BF8212000F07AF861
:1038B00000222220114600F083F8222000F072F846
:1038C00036B070BD00580040E04402580004025871
:1038D0007000002410000240704770470248816861
:1038E000027811448160704700000024032010B565
:1038F00000F086F801F060F80F4A10491468136868
:10390000C4F3032203F00F038A5CC95C02F01F02B8
:1039100001F01F01D0400A4A20FA01F11160094963
:1039200008600F2000F010F808B1012010BD00F071
:103930002BF8002010BD000018440258568C0008D7
:10394000100000240C00002470B50D4D04462878AA
:10395000A0B14FF47A71B1FBF0F00A490968B1FBEC
:10396000F0F001F086FB48B9102C07D20022214666
:10397000501E00F025F800206C6070BD012070BD65
:10398000000000240C000024054808B5016841F03F
:1039900002010160006800F00200009008BD000014
:1039A000F4440258002809DB410900F01F02890095
:1039B000012001F1E0219040C1F8000170470000B2
:1039C0000E4BF0B41B680D46C3F30223C3F1070688
:1039D000042E00D90426191D072901D2002300E076
:1039E000DB1E012404FA06F19C40491E2940641E96
:1039F000994014402143F0BC04F06FBD0CED00E091
:103A0000064900F0070210B54FF6FF040868044BA2
:103A1000204040EA02201843086010BD0CED00E091
:103A20000000FA05134970B50A68D243520705D55C
:103A3000096801F00701814213D118E00A6822F0F9
:103A4000070202430A60FFF7C9FC0A4D4FF47A7679
:103A50000446083D07E000BFFFF7C0FC001BB04272
:103A600001D9012070BD2868C0438004F4D400202F
:103A700070BD00000C48025810B500F057FF054912
:103A80000968054AC1F30211515C01F01F01C840E9
:103A900010BD000020440258568C0008494930B53A
:103AA000484C0B1D0A68143409681D68246802F02C
:103AB0000303C5F30012C1F30531C4F3CC0400299C
:103AC00014FB02F200EE102AF8EE400A75D03F4ACD
:103AD0009FED3D1AB7EE000A6BB1DFED3D1A012BE9
:103AE00001D0022B64D002EE101A1168F8EE422ABF
:103AF00081EEA22A21E0334C283C23689B0612D594
:103B0000344B246801EE901A1168C4F3C104F8EE36
:103B1000612AE34001EE903AC1F30801F8EE611A20
:103B200081EEA22A0BE001EE901ADFED2B2A00BFF6
:103B3000F8EE611A116882EEA12AC1F3080101EEC4
:103B4000901A1168F8EE611A40EE811A71EE800A3F
:103B500062EE200AC1F3462101EE101AB8EE411AB6
:103B600031EE001AC0EE811ABCEEE11A80ED001AA7
:103B70001168C1F3064101EE101AB8EE411A31EE98
:103B8000001AC0EE811ABCEEE11A80ED011A11682C
:103B9000C1F3066101EE101AB8EE411A31EE000AC7
:103BA00080EE801ABCEEC10A80ED020A30BD04E04E
:103BB00001EE901ADFED092ABAE7002101604160A9
:103BC0008160F3E728440258000000393844025865
:103BD0000024744A0090D0030024744C20BCBE4BD7
:103BE000494930B5484C0B1D0A681C3409681D68EA
:103BF000246802F00303C5F30022C1F30551C4F3A6
:103C0000CC04002914FB02F200EE102AF8EE400A60
:103C100075D03F4A9FED3D1AB7EE000A6BB1DFED5C
:103C20003D1A012B01D0022B64D002EE101A11684C
:103C3000F8EE422A81EEA22A21E0334C283C236888
:103C40009B0612D5344B246801EE901A1168C4F318
:103C5000C104F8EE612AE34001EE903AC1F3080195
:103C6000F8EE611A81EEA22A0BE001EE901ADFED68
:103C70002B2A00BFF8EE611A116882EEA12AC1F367
:103C8000080101EE901A1168F8EE611A40EE811AEF
:103C900071EE800A62EE200AC1F3462101EE101A8D
:103CA000B8EE411A31EE001AC0EE811ABCEEE11AEC
:103CB00080ED001A1168C1F3064101EE101AB8EE4A
:103CC000411A31EE001AC0EE811ABCEEE11A80ED05
:103CD000011A1168C1F3066101EE101AB8EE411A1B
:103CE00031EE000A80EE801ABCEEC10A80ED020AB5
:103CF00030BD04E001EE901ADFED092ABAE7002199
:103D0000016041608160F3E72844025800000039F7
:103D1000404402580024744A0090D0030024744C9C
:103D200020BCBE4B2DE9FE4F0546DFF8E48350F87A
:103D3000081B0024F64FC943019005F128002646D0
:103D400008F12408009008011DD4A86E50B1B0F508
:103D5000801F0CD0B0F5001F0ED0B0F5401F1ED054
:103D600001240FE0386840F40030386017E0019813
:103D7000022103F051FD03E00098022103F0DCFD75
:103D800004000CD026462888C043C00523D4A86D63
:103D900005281ED2DFE800F00C11161B1B00AA6ECE
:103DA000D8F8001021F440111143C8F80010EAE7D8
:103DB000386840F40030386009E00198002103F0D1
:103DC0002BFD03E00098002103F0B6FD044674B11A
:103DD00000E0012426462888C043800528D4E86DE9
:103DE00080281ED00CDC90B140280ED114E0AA6DC2
:103DF000D8F8001021F007011143C8F80010EAE7D5
:103E0000C02813D0B0F5807F10D001240FE03868AF
:103E100040F40030386009E00198002103F0FCFC18
:103E200003E00098002103F087FD04469CB126467C
:103E30002888DFF8DC92C04309F12C0940052CD416
:103E4000D5F8A800B0F5800F20D00DDCA0B1B0F5FA
:103E5000001F0FD115E0EA6DD8F8001021F4E071D1
:103E60001143C8F80010E3E7B0F5C00F13D0B0F568
:103E7000000F10D001240FE0386840F400303860A3
:103E800009E00198002103F0C7FC03E0009800213D
:103E900003F052FD04467CB126462888C043000545
:103EA0002DD4D5F8AC00B0F1007F21D00EDCA8B144
:103EB000B0F1807F10D116E0D5F8A820D9F8001015
:103EC00021F460011143C9F80010E6E7B0F1407F2A
:103ED00013D0B0F1806F10D001240FE0386840F4A7
:103EE0000030386009E00198002103F095FC03E000
:103EF0000098002103F020FD044674B1264628688E
:103F0000C04380011FD4E86CD8B110280FD02028FE
:103F100012D0302815D0012414E0D5F8AC20D9F8FF
:103F2000001021F0E0611143C9F80010E7E738689C
:103F300040F40030386004E00198022103F06CFC8A
:103F4000044674B126462888C043C0042BD4286E8A
:103F5000B0F5005F20D00DDCA0B1B0F5805F0FD1CF
:103F600015E06B48EA6C2030016821F03001114304
:103F70000160E8E7B0F5405F13D0B0F5804F10D096
:103F800001240FE0386840F40030386009E00198FF
:103F9000002103F041FC03E00098002103F0CCFC79
:103FA00004468CB126462888C043800429D4686E14
:103FB000B0F5403F23D010DC08B3B0F5803F14D0FB
:103FC000B0F5003F0FD115E02A6ED8F8001021F4AB
:103FD000E0411143C8F80010E5E7B0F5802F0ED09E
:103FE000B0F5A02F0BD001240AE00198012103F0C5
:103FF00013FC03E00098012103F09EFC044694B1F9
:1040000026462888C04340042AD4D5F8B000B0F131
:10401000405F23D010DC08B3B0F1805F14D0B0F162
:10402000005F0FD115E06A6ED8F8001021F4E0218E
:104030001143C8F80010E4E7B0F1804F0ED0B0F1A2
:10404000A04F0BD001240AE00198012103F0E4FB0A
:1040500003E00098012103F06FFC044674B126468A
:104060002888C04300041FD4286FD8B1B0F1805F06
:104070000ED0B0F1005F10D0012414E0D5F8B020CC
:10408000D9F8001021F0E0411143C9F80010E7E72A
:10409000386840F40030386004E00198012103F0F2
:1040A000BBFB044674B126462868C043C0011ED439
:1040B000A86CD0B101280ED0022811D0032814D04A
:1040C000012413E02A6FD8F8001021F04051114369
:1040D000C8F80010E8E7386840F40030386004E0C1
:1040E0000198022103F098FB0446ACB126462868EB
:1040F000DFF81CB0C043ABF11C0B400252D40548A2
:10410000016841F480710160FFF768F9824611E0AF
:104110002C44025800480258FA48AA6C016821F061
:10412000030111430160E2E7FFF758F9A0EB0A0031
:10413000642835D8F4480068C005F5D58CBBDFF895
:10414000C4A3B5F8B4100AF1240ADAF8000001F4A7
:10415000407100F44070884211D0DAF80010DAF8AB
:10416000002021F4407142F48032CAF80020DAF8CD
:10417000002022F48032CAF80020CAF80010D5F8D6
:10418000B400B0F5807F1AD1FFF728F9029012E051
:10419000FFF724F90299411A41F2883081420AD985
:1041A000032426462878DFF85CA3C0430AF1080AF6
:1041B000C00721D03CE0DAF800008007E8D5D5F848
:1041C000B410C1F30120032858460DD0016821F432
:1041D0007C510160B5F8B420DAF80010C2F30B028C
:1041E0001143CAF80010DDE7C84A036802EA111259
:1041F00023F47C511143ECE7E86F182816D005DC56
:10420000A0B1082808D0102804D10AE020280DD039
:1042100028280BD001240AE00198012103F0FCFAC0
:1042200003E00098012103F087FB044664B12646B1
:104230002878C04380071ED4A86F062819D2DFE86B
:1042400000F0160C11161616EA6FDAF8001021F0BD
:1042500038011143CAF80010EAE70198012103F080
:10426000DBFA03E00098012103F066FB04467CB111
:1042700000E0012426462878C04340071FD4D5F823
:104280009400062819D2DFE800F0160C1116161655
:10429000AA6FDAF8001021F007011143CAF80010E4
:1042A000E9E70198012103F0B7FA03E00098012142
:1042B00003F042FB0446A4B100E00124264628781E
:1042C000C04380062BD4D5F89000B0F1405F24D0D5
:1042D00011DC10B3B0F1805F15D0B0F1005F10D1E8
:1042E00016E0D5F89420D9F8001021F00701114309
:1042F000C9F80010E3E7B0F1804F0ED0B0F1A04F45
:104300000BD001240AE00198002103F085FA03E0B4
:104310000098022103F010FB044694B12646287849
:10432000C04340062BD4D5F89C00B0F5406F24D094
:1043300011DC10B3B0F5806F15D0B0F5006F10D15F
:1043400016E0D5F89020DAF8001021F0E041114392
:10435000CAF80010E3E7B0F5805F0ED0B0F5A05FBB
:104360000BD001240AE00198002103F055FA03E084
:104370000098022103F0E0FA044694B1264628781A
:10438000C04300062BD4D5F8A000B0F5C04F24D010
:1043900011DC10B3B0F5005F15D0B0F5804F10D12F
:1043A00016E0D5F89C20D9F8001021F4E051114313
:1043B000C9F80010E3E7B0F5004F0ED0B0F5204F7C
:1043C0000BD001240AE00198002103F025FA03E054
:1043D0000098022103F0B0FA044654B1264628782A
:1043E000C04300071ED4D5F88400B0F5805F0AD022
:1043F0000FE0D5F8A020D9F8001021F46041114356
:10440000C9F80010EBE70098022103F095FA00B11B
:104410000126D5F88420DAF8001021F44051114328
:10442000CAF800102878C043C00613D4D5F8980005
:10443000B0F5807F05D10098022103F07DFA00B12C
:104440000126D5F89820D9F8001021F440711143C5
:10445000C9F800102868C043000316D4D5F8A4009A
:1044600038B1B0F5803F09D0B0F5003F0BD0012442
:104470000AE00198002103F0CFF903E0009802213F
:1044800003F05AFA04468CB126462868C04340031C
:1044900022D4D5F88800B0F5801F11D0B0F5001FE8
:1044A00013D0B0F5401F15D0012414E0D5F8A42096
:1044B000D9F8001021F440311143C9F80010E4E7A5
:1044C000386840F40030386004E00098012103F0BF
:1044D00033FA04465CB126462868C043C00323D49F
:1044E000286DA8B1B0F5803F17D001241BE0D5F8A6
:1044F0008820DAF8001021F440111143CAF80010A6
:10450000EAE700004C44025800480258CFFFFF0081
:10451000386840F40030386004E00198022103F06C
:104520007BF90446E4B126462868C043800005D4E0
:104530000098022103F000FA00B101262868C04368
:1045400080031BD4D5F88000B0B1B0F5807F0FD0C8
:10455000B0F5007F10D0B0F5407F0DD001240CE005
:104560005A482A6D016821F4803111430160DBE76C
:10457000386840F400303860ECB326462868C04301
:10458000C00207D46A6FD8F8001021F0004111432F
:10459000C8F800102868C043C00008D4D5F8B82077
:1045A000DBF8001021F480411143CBF8001028689B
:1045B000C043800207D4EA6ED8F8001021F0807161
:1045C0001143C8F800102868C04340000CD4DBF841
:1045D000001021F40041CBF80010DBF80010D5F8F2
:1045E000BC201143CBF800102868C04308D43748DA
:1045F0006A6D016800E018E021F04051114301604C
:104600002868C043000208D4D5F88C20DAF80010DE
:1046100021F440011143CAF8001028790024C04356
:1046200000F0010020430AD00FE0D5F88020DAF82E
:10463000001021F440711143CAF800109EE7019860
:10464000002103F0E9F800B106462879C04300F0E4
:104650000200204305D10198012103F0DDF800B1EB
:1046600006462879C04300F00400204305D1019894
:10467000022103F0D1F800B106462879C04300F0CA
:104680000800204305D10098002103F055F900B13E
:1046900006462879C04300F01000204305D1009859
:1046A000012103F049F900B106462879C04300F022
:1046B0002000044304D10098022103F03DF900B921
:1046C00016B10120BDE8FE8F0020FBE74C440258E4
:1046D0002DE9F05F04000F467ED0DFF83882D8F86D
:1046E000000000F00F00B8420CD2D8F8001021F002
:1046F0000F013943C8F80010D8F8000000F00F008F
:10470000B84269D12078844D40070AD520692968CC
:1047100001F07001884204D9296821F07001014339
:10472000296020787C4E361D00070AD56069316803
:1047300001F07001884204D9316821F07001014311
:1047400031602078C0060AD5A069316801F4E061C3
:10475000884204D9316821F4E06101433160207856
:10476000DFF8B4B180060BF1080B0CD5E1695846AF
:10477000DBF8002002F07002914204D9026822F0B6
:1047800070020A430260207880070AD5E068296831
:1047900001F00F01884204D9296821F00F0101437B
:1047A00029602078C0073ED05B49A2682868183984
:1047B00020F47060104328606068022818D0032835
:1047C00019D00968012819D0490700294ADADFF809
:1047D00048A1AAF1080A00E044E0DAF8002022F03B
:1047E00007020243CAF80020FEF7F8FD814612E0F6
:1047F00009688903E9E709688901E6E7C905E4E78B
:10480000FEF7ECFDA0EB090141F28830814202D9AC
:104810000320BDE8F09F6168DAF8000000F038007E
:10482000B0EBC10FECD1207880070AD5E068296889
:1048300001F00F01884204D2296821F00F010143E1
:104840002960D8F80010404601F00F01B9420BD999
:10485000016821F00F0139430160006800F00F008A
:10486000B84201D00120D4E7207840070AD520695A
:10487000296801F07001884204D2296821F0700192
:1048800001432960207800070AD56069316801F08A
:104890007001884204D2316821F070010143316017
:1048A0002078C0060AD5A069316801F4E061884229
:1048B00004D2316821F4E061014331602078800640
:1048C0000CD5E1695846DBF8002002F070029142F5
:1048D00004D2026822F070020A43026000F06CF811
:1048E0000E492A682B68C2F3032203F00F038A5C87
:1048F000C95C02F01F0201F01F01D040084A20FAF3
:1049000001F111600749086007480068BDE8F05FE1
:10491000FFF71AB80020005218440258568C0008BD
:10492000100000240C0000240400002430B500F026
:1049300043F80B4A0B490C4B15681468C5F3032266
:1049400004F00F048A5C095D02F01F0201F01F01F0
:10495000D040064A20FA01F119601060084630BDC7
:1049600018440258568C0008100000240C00002443
:1049700000B5FFF7DBFF05490968054AC1F30211DD
:10498000515C01F01F01C84000BD00001C440258EA
:10499000568C000800B5FFF7C9FF05490968054AAC
:1049A000C1F30221515C01F01F01C84000BD0000AD
:1049B0001C440258568C0008454970B545480968A2
:1049C000434B103B11F0380208D00111082A03D0E4
:1049D000102A0BD0182A0BD0084670BD196889061A
:1049E000FBD51968C1F3C101C84070BD3A4870BD1C
:1049F0003749374D18310C1D24350A680968266877
:104A00002D6802F0030406F00102C1F30511C5F39D
:104A1000CC0515FB02F200EE102AB8EE400AE9B30D
:104A20002F4ADFED2E0AB7EE001A6CB1DFED2D1A1A
:104A3000012C01D0022C43D002EE101A1068F8EEBF
:104A4000422A81EEA22A1EE01C68A40611D51B682A
:104A500001EE901A1168C3F3C103F8EE612AD84041
:104A600001EE900AC1F30800F8EE611A81EEA22A65
:104A70000BE001EE901ADFED1C2A00BFF8EE611A80
:104A8000106882EEA12AC0F3080001EE900AF8EE49
:104A9000611A40EE201A31EE810A00E015E022EEA4
:104AA000000A1068C0F34620401C00EE900AF8EEA1
:104AB000600A80EE201ABCEEC10A10EE100A70BD2A
:104AC00001EE901ADFED092AD8E7002070BD000042
:104AD000104402580090D00340787D010000003956
:104AE000304402580024744A0024744C20BCBE4B4D
:104AF0002DE9F05F04007DD0FF4F2078FE4D183780
:104B0000DFF8F493103DC00748D0D9F800003968A9
:104B100000F03800102815D0182803D101F0030048
:104B200002280FD06068B0F5803F12D010B1B0F508
:104B3000A02F18D0286820F480302860286820F43E
:104B4000802009E02868800328D560680028D2D03A
:104B500024E0286840F480302860606888B1FEF75F
:104B60003DFC064609E0286840F480202860F0E714
:104B7000FEF734FC801B64286FD828688003F7D5C3
:104B80000CE0FEF72BFC064605E000BFFEF726FC16
:104B9000801B6428F0D828688003F7D4207841F27D
:104BA0000308D54E0C3E800769D5D9F80000396856
:104BB00010F038000ED0182801D188070AD0E0681C
:104BC00090B3296821F0190101432960FEF706FC22
:104BD000824631E02868400702D5E06800288AD084
:104BE000E168286820F0190008432860FEF7F6FB0A
:104BF000824607E0DFE000BFFEF7F0FBA0EB0A0013
:104C00000228B9D828684007F6D500BFFEF7E0FBB8
:104C100040451BD82069402812D0316821F47C31EE
:104C200041EA003030602AE018E000BFFEF7D6FB12
:104C3000A0EB0A0002289FD828684007F6D5E5E7D0
:104C4000306820F47C3040F40030EBE7207C3168A1
:104C500021F0FE4141EA0060E4E70DE1286820F020
:104C600001002860FEF7BAFB824605E0FEF7B6FBBE
:104C7000A0EB0A0002288DD828684007F6D42078D7
:104C8000C0065DD5D9F80000DFF86CB2396800F0D5
:104C90003800ABF1040B082810D0182803D101F01C
:104CA000030001280AD0E0690028286838D040F0C5
:104CB00080002860FEF792FB824623E02868C0054A
:104CC00023D5E069802876D11FE0206A202821D0F2
:104CD000316821F0F84141EA8060306030E000BF87
:104CE00094F82010DBF8002022F07C5242EA0161A7
:104CF000CBF8001024E000BFFEF770FBA0EB0A0029
:104D0000022898D82868C005F6D5FEF761FB404513
:104D1000E6D8DAE7306820F0F84040F08040DCE781
:104D200020F080002860FEF759FB064605E000BF32
:104D3000FEF754FB801B02289DD82868C005F7D4D5
:104D40002078000729D56C486169643000298046C5
:104D5000016811D041F001010160FEF73FFB0646FA
:104D600005E000BFFEF73AFB801B0228C9D8D8F83F
:104D700000008007F6D510E021F001010160FEF788
:104D80002DFB064605E000BFFEF728FB801B02282E
:104D900072D8D8F800008007F6D42078800623D592
:104DA000A0690028286810D040F480502860FEF7E1
:104DB00015FB064605E036E1FEF710FB801B0228D6
:104DC0005AD828688004F7D50EE020F48050286077
:104DD000FEF704FB064604E0FEF700FB801B0228FA
:104DE0004AD828688004F7D4207840074FD5DFF8E8
:104DF0000C81D8F8001041F48071C8F80010FEF75B
:104E0000EDFA064605E000BFFEF7E8FA801B6428CD
:104E100032D8D8F80000C005F6D5374EA068603605
:104E200001280AD008B1052813D0306820F001000D
:104E30003060306820F0040002E0306840F001008B
:104E40003060A06841F2883A90B1FEF7C7FA804618
:104E50000AE0306840F004003060EEE7FEF7BEFA8A
:104E6000A0EB0801514507D830688007F6D50EE061
:104E7000FEF7B4FA804607E084E000BFFEF7AEFA22
:104E8000A0EB080151457DD830688007F6D4606AF0
:104E9000B0B3DFF86480D9F8001008F120084FF6AD
:104EA000F87B08F10409C1F3C2010329A8F1040A3F
:104EB00069D00228286820F08070286003D0FEF7AF
:104EC0008DFA044684E0FEF789FA064605E000BF45
:104ED000FEF784FA801B022877D828688001F7D46F
:104EE000E26A40F2F331386854F8283F884340EAD8
:104EF00002101843386004E0104402580048025879
:104F0000B5E0217B434622894FF4FE0C208A4FF006
:104F1000FE474902267D521E401EA1F50071C2F3D4
:104F200008088AB2761E0CEA004042EA08020243F0
:104F3000504607EA06610A431A60DAF8002022F0B8
:104F40000102CAF80020D9F80020266A22EA0B02E2
:104F500042EAC602C9F80020DAF80010A26921F07E
:104F60000C011143CAF800100168E26921F0020146
:104F700011430160016841F480310160016841F42E
:104F8000003101E021E027E00160016841F4802167
:104F90000160016841F001010160286840F0807003
:104FA0002860FEF71BFA044605E000BFFEF716FA7C
:104FB000001B022809D828688001F7D557E000BFF8
:104FC000FEF70CFA001B022802D90320BDE8F09F6F
:104FD00028688001F4D44AE039680128D8F8000034
:104FE00021D0A26A01F0030393421CD1E26AC1F30B
:104FF00005118A4217D1216BC0F30802491E8A426B
:1050000011D1616BC0F34622491E91420BD1A16BB5
:10501000C0F30642491E914205D1E16BC0F3066020
:10502000491E814201D00120D0E7A16C4E46D9F83B
:105030000000C0F3CC00814219D0DAF800005546D8
:1050400020F00100CAF80000FEF7C8F94FEA000797
:10505000FEF7C4F9B842FBD0A26C306820EA0B001E
:1050600040EAC2003060286840F00100286000205B
:10507000ACE7401EB0F1807F10B501D3012010BD18
:105080004FF0E02460610F21601703F026FA002042
:10509000A0610721216110BD30B590F8841001296D
:1050A00018D0012280F884202421C0F88810002222
:1050B000202401680B680D6823F0005325F00105DA
:1050C0000D60426601680B60C0F8884080F884205B
:1050D000104630BD022030BD7047704770B50446A1
:1050E00090F8840001281DD0012284F88420242017
:1050F000C4F8880020680568026822F00102026096
:105100002068826822F060620A438260204602F0D2
:1051100095FE2268202100201560C4F8881084F8CC
:10512000840070BD022070BD70B5044690F8840004
:1051300001281DD0012284F884202420C4F888008E
:1051400020680568026822F0010202602068826817
:1051500022F060420A438260204602F06FFE22681D
:10516000202100201560C4F8881084F8840070BDE8
:10517000022070BD70477047704700002DE9F04174
:1051800007680025044640F60F030226F8693968CF
:10519000BA6818420AD183067ED501F0200302F0D6
:1051A000805C53EA0C0377D0616F74E1CF4BDFF87A
:1051B00040C3134001EA0C0C53EA0C0C6CD05FEABC
:1051C000C07C0CD05FEAC15C09D54FF0010CC7F878
:1051D00020C0D4F8907047F00107C4F8907087079A
:1051E00009D5D70707D027683E62D4F8906046F00B
:1051F0000406C4F8906046070AD5D60708D0276889
:1052000004263E62D4F8906046F00206C4F890602E
:1052100006070CD501F020061E4308D02668082397
:105220003362D4F8903043F00803C4F8903003059B
:105230000BD54B0109D526684FF400633362D4F8CF
:10524000903043F02003C4F89030D4F89030002B15
:105250003DD0800609D501F0200002F080510843BE
:1052600003D0616F09B1204688472168D4F89000C7
:105270008968490602D410F0280F2AD0204602F08F
:10528000C3FE2068806840061ED52068083050E8BC
:10529000001F21F0400100E021E040E80012002A58
:1052A000F3D1D4F8800078B192490165D4F8800038
:1052B000FDF7CAF800280AD0D4F88000016D00E09C
:1052C0002046BDE8F04108472046FFF755FFBDE8FE
:1052D000F0812046FFF750FFC4F89050F7E7D4F86C
:1052E0006CC02023BCF1010F7ED15FEAC06C7BD57E
:1052F0005FEAC16C78D5102038622068806840066B
:1053000073D5D4F880107C4A0868904234D07A4A29
:105310001832904230D0784A303290422CD0764ABF
:105320004832904228D0744A6032904224D0724A67
:105330007832904220D0704A903290421CD06E4A0F
:10534000A832904218D06D4A904215D06B4A18325C
:10535000904211D0694A303290420DD0674A4832AB
:10536000904209D0654A6032904205D0634A783253
:10537000904201D0614A903240680004000CA6D0EF
:10538000B4F85C208242A2D9A4F85E00C869B0F5E6
:10539000807F2FD0216851E8000F20F4807041E811
:1053A0000002002AF6D12068083050E8001F21F0E2
:1053B000010140E80012002AF5D12068083050E8C9
:1053C000001F21F0400140E80012002AF5D1C4F886
:1053D0008C30E566216851E8000F20F0100041E8AC
:1053E0000002002AF6D101E040E00BE0D4F8800092
:1053F000FCF77AFE2667B4F85C00B4F85E10401A39
:1054000081B22FE0B4F85C00B4F85E10B4F85E200E
:10541000401A81B2002AB2D00029B0D0226852E8E6
:10542000000F20F4907042E80007002FF6D1344FAF
:10543000206800F1080050E8002F02EA070240E867
:10544000002CBCF1000FF3D1C4F88C30E566656721
:10545000206850E8002F22F0100240E80023002BC3
:10546000F6D126672046FFF737FE30E7C60209D59A
:10547000560207D54FF4801038622046BDE8F0414F
:10548000FFF779BE06060AD501F0800602F4000295
:10549000164304D0A16F00297FF412AF17E742062C
:1054A00011D54A060FD52046026852E8001F21F0A8
:1054B000400142E80014002CF6D1C0F8883085671E
:1054C00000F0A2F803E7020206D54A0004D5204600
:1054D000BDE8F041FFF74EBEC001C6D50029C4DAD1
:1054E0002046BDE8F041FFF7F8BD000001000010C4
:1054F00020010004F37F0008100002401004024065
:10550000FEFFFFEF10B5040003D0D4F8880010B1FF
:1055100007E0012010BD002084F88400204600F040
:1055200027F82420C4F888002068016821F00101D0
:105530000160A06A10B1204602F0A2FC204602F0F1
:105540008DFD0128E6D02068416821F4904141603A
:105550002068816821F02A0181602068016841F09B
:10556000010101602046BDE8104002F0EDBC0000E2
:1055700010B5B6B00446142130A8FBF722F8C021BC
:105580006846FBF71EF81D492068884233D1002089
:105590001F9001210446CDE900106846FEF7C2FBCA
:1055A00008B1FCF79EFD1648016841F0100101604A
:1055B000006800F01000359011481038016841F083
:1055C00002010160006830AB022100F0020035905A
:1055D0004FF44040042283E813000A4830A9CDE983
:1055E0003342FDF7DFFD002225201146FEF7E8F9E2
:1055F0002520FEF7D7F936B010BD0000001001409D
:10560000F0440258000402587047FEE70148FDF7D5
:1056100057BF00001C0000240148FDF785BF0000B3
:105620001C000024806B0021826B02B11165C26BEB
:1056300002B1116500F086BFCA074FF028034FF092
:10564000000210B506D090F84140422233EA04042B
:1056500000D0F2228C0707D590F8414042F0440276
:10566000A34301D042F0B0020B0401D542F0B802CE
:10567000102904D0202905D0402906D007E042F0A7
:10568000900204E042F0200201E042F04002006893
:1056900001689143016010BD10B51E4C0022436BA0
:1056A000A34217D01C4CA34214D01C4CA34211D0CF
:1056B0000B0400D5B822CB0701D042F0F2028B07D1
:1056C00001D542F0F402102916D020291CD142F055
:1056D000200219E00B0400D5B822CB0701D042F01C
:1056E000F2028B0701D542F0F402102904D02029E0
:1056F00005D0402906D007E042F0900204E042F0D5
:10570000600201E042F0400200680168114301605C
:1057100010BD0000755E0008F1610008B56000086A
:1057200001688A69D243920701D400228A62006824
:105730008169C943C90703D0816941F001018161D1
:1057400070472DE9F047044690F8410028220025D3
:1057500008218243206804D0C16184F84050BDE82C
:10576000F087876986694FF0FE088268D0F80CC020
:105770004FF40049E36808EA16460CF0FE08022BD5
:10578000C7F30047C2F3090207D049462046FFF796
:1057900053FF324684F8405010E0062306F0060618
:1057A00003EAD2139E420ED1A36C5B1CA364A36CCC
:1057B000022BD4D1A564C16184F8405039462046FB
:1057C000FDF77DFECBE749462046FFF735FF424611
:1057D00084F84050F2E7000070B5444A044690F85F
:1057E0004100002584F84250E2626585626C2828F9
:1057F00042EA0102626433D0292831D02A282FD00E
:1058000048F203012046FFF717FF2046FFF788FF05
:1058100094F84100602813D0202184F841102068BA
:105820008269D24392060BD48269D243D20605D450
:105830001022C261606C40F0040060642068C161A5
:105840006563A16B206B2A4E19B1112812D0212853
:1058500010D0E16BF1B3122824D0222822D03EE0F0
:1058600003212046FFF7E8FE22492820616384F8DF
:105870004100E6E720680168490403D5016821F486
:1058800080410160A06BFCF721FF012827D0A06BAD
:10589000066584F84050A06BFCF7D6FD002823D0A5
:1058A000A06B16E020680168090403D5016821F4A3
:1058B00000410160E06BFCF709FF01280FD0E06BAD
:1058C000066584F84050E06BFCF7BEFD00280BD065
:1058D000E06B00E003E0016DBDE870400847204642
:1058E000BDE8704000F02EBE70BD00000000FFFF5C
:1058F00025560008FD63000870B50446164AC843E3
:10590000002541074FF02000E262256384F8410042
:1059100084F84250656311D42068616A406A087057
:10592000606A401C6062208D40B1618D401E208500
:10593000491E6185606C40F00400606448F2030118
:105940002046FFF779FE21681020C861204684F8C0
:105950004050FDF753FE70BD0000FFFFF8B5044650
:10596000006820260D46C66194F84100212804D025
:1059700094F84100222806D00BE001212046FFF7D1
:105980005BFE112004E002212046FFF755FE1220A5
:1059900020632068E9432C4B00255FEAC16C426814
:1059A0002A4F02EA03024260E762656306D4226876
:1059B0001020D061606C40F00400606494F84100F5
:1059C000602805D1480703D42068406AC0B200901F
:1059D0002046FFF7A5FE606C94F84110602900D0C6
:1059E00028B1616C2046BDE8F840FFF7F5BE94F899
:1059F0004100212812D094F8410022280DD184F8CA
:105A00004160256394F8420084F8425040282046C3
:105A100084F8405014D0FDF7F2FDF8BD84F84160E1
:105A2000256394F8420084F842504028204684F8C8
:105A3000405002D0FDF7E4FDF8BDFDF7E0FEF8BDF3
:105A4000FDF7DCFEF8BD000000E800FE0000FFFFEF
:105A500070B504460025202084F8425094F8411087
:105A600021290ED0122184F8410021630221204611
:105A70006563FFF7E1FD204684F84050FDF7BFFD68
:105A800070BD112184F84100216301212046656326
:105A9000FFF7D2FD204684F84050FDF7B1FD70BD00
:105AA0002DE9F05F0D46016820270446D1F80080FB
:105AB000C66A90F84100CF61212808D0292806D075
:105AC00022280BD02A2809D028280ED014E048F22A
:105AD00001012046FFF7B0FD21200CE048F2020151
:105AE0002046FFF7A9FD222005E048F203012046E9
:105AF000FFF7A2FD0020206320687349426842F44A
:105B000000424260206842680A4042602046FFF737
:105B100007FE6FEA08016D4A6D4BDFF8B8C1480413
:105B2000DFF8B491DFF8B4A1DFF8B4B1DFF8B4E185
:105B30000BD42068D0F8008028F48048C0F800809A
:105B4000A06B0CE04068608537E0080435D420681D
:105B5000D0F8008028F40048C0F80080E06B60B303
:105B600000689042EED09842ECD06045EAD04845BB
:105B7000E8D05045E6D05845E4D07045E2D0594AC7
:105B800018329042DED0584A9042DBD0564A183242
:105B90009042D7D0544A30329042D3D0524A483201
:105BA0009042CFD0504A60329042CBD04E4A7832A9
:105BB0009042C7D04C4A9032C4E7E84340070FD424
:105BC000206825F00405626A406A1070606A401C13
:105BD0006062208D20B1628D401E2085521E62853C
:105BE000608D18B1606C40F004006064E843DFF839
:105BF000FC80C00632D4C80630D4618D102051B16B
:105C00002168C861606C40F00400606416B3B6F1AE
:105C1000807F1FD022E094F84110282902D1B6F1EC
:105C2000007F04D094F84110292905D00FE02946BF
:105C30002046FFF761FE11E0464508D02168C861A3
:105C40002046FFF76DFD204600F052F806E021687F
:105C5000C86103E0616C2046FFF7BEFD002684F8B2
:105C60004260606C666368B1616C2046FFF7B4FD0A
:105C700094F84100282815D129462046BDE8F05F58
:105C8000FFF73ABEE06A4546A8420DD0204600F034
:105C90002FF8E56284F841702663204684F840605E
:105CA000FDF7ACFCBDE8F09F94F8410084F841702A
:105CB00022282663204684F8406002D0FDF70DFEBE
:105CC000F0E7FDF709FEEDE700E800FE10000240F6
:105CD000280002404000024058000240700002408C
:105CE00088000240A0000240100402400000FFFFB4
:105CF00070B5044600680025016884F84250C94325
:105D00004A0403D4016821F4804104E0090403D467
:105D1000016821F40041016094F8411028202929EC
:105D200011D094F841102A290CD1222184F8410085
:105D3000216302212046FFF77FFC204684F8405073
:105D4000FDF7CAFD70BD212184F8410021630121C6
:105D50002046FFF771FC204684F84050FDF7BDFD5A
:105D600070BD00002DE9F047044600680026894612
:105D700017464FF0200835468169C90641D51021E4
:105D8000C1612FE0B9F1FF3F2CD0FDF727FBC11B0C
:105D9000494502D8B9F1000F24D12068426894F82F
:105DA0004210836902F48042DB431B0415D4B2F530
:105DB000804F12D0202910D0416841F480414160C9
:105DC000FDF70CFB074608E0FDF708FBC01B192890
:105DD00003D9012645F0200504E020688069C0430E
:105DE0008006F1D420688069C043800602D5002E69
:105DF000C8D003E016B92168C1F81C80012645F01F
:105E0000040521688869C20505D54FF48072CA610E
:105E100045F00105012641050AD5216880054FF4AA
:105E2000806245F00805CA614FF0010602D40AE01D
:105E3000800507D5206801264FF4007145F0020562
:105E4000C16100E08EB12046FFF76AFC20680021A6
:105E5000074F43683B404360606C2843606484F8AC
:105E6000418084F8421084F840103046BDE8F08745
:105E700000E800FEF8B5044690F8400001281AD06A
:105E8000CB43012584F84050DE064FF000056FEA51
:105E9000020012D4C20610D421681020C861606CC0
:105EA00040F00400606420212046FFF7F5FB204607
:105EB000FFF736FC60E00220F8BD314A1E0639D4F7
:105EC000460637D42068016821F040010160608DEA
:105ED000002820682AD04168608DFF28C1F309019D
:105EE00004D9FF2020854FF0807308E0608DE36ABD
:105EF0002085934201D0E36A01E04FF000730095E2
:105F000094F82820204600F005FB608D218D401A72
:105F1000608594F8410022282068016803D041F48C
:105F20008041016028E041F40041FAE740688001C7
:105F300017D505E05E0618D4460616D4608D20B14C
:105F400040212046FFF748FC16E02068416889019F
:105F500012D4E16A914204D1416841F48041416028
:105F60000AE02046FFF774FD06E09A0604D4800696
:105F700002D42046FFF7F2FC002084F84050F8BD20
:105F80000000FFFFF8B5044690F840000E460128D7
:105F900016D0F0434FF00007012184F84010C306EB
:105FA0006FEA02050ED4E9060CD421681020C861FE
:105FB000606C40F0040060642046FFF7B1FB5AE0DB
:105FC0000220F8BD410708D4690706D4206826F0EE
:105FD0000406616A406A08700BE0410613D5810728
:105FE00011D4A9070FD4608D98B3606A2168007836
:105FF0008862606A401C6062208D401E2085608D32
:10600000401E608537E02A4A01062AD4690628D452
:10601000608D08B1208D20B120684068800143D593
:1060200025E020684168608DFF28C1F3090105D98A
:10603000FF2222854FF0807300970EE0608DE36AA7
:1060400020850097934294F8280003D0E36AC2B2F7
:1060500003E010E04FF00073C2B2204600F05AFA9D
:1060600009E0400607D4680605D4608D80B1402160
:106070002046FFF7B1FBF043800605D4A80603D401
:1060800031462046FFF76AFC002084F84070F8BDD6
:10609000206841688901EED4E16A914204D14168E7
:1060A00041F480414160E6E72046FFF7D1FCE2E79A
:1060B0000000FFFF2DE9F843044690F840004A4EE7
:1060C00001281AD0CB43012584F84050DF064FF059
:1060D00000076FEA020013D4C20611D42168102011
:1060E000C861606C40F00400606420212046FFF726
:1060F000D3FA2046FFF714FB71E00220BDE8F883D5
:106100009A0708D4820706D4206D4FF0FF31226829
:106110009062216563E01A064FF0FF054FF080782A
:106120004FF000792FD442062DD401212046FFF7ED
:1061300083FA10212046FFF7AFFA608DF0B1608D31
:10614000FF2803D925852A46009733E0608D2085F6
:10615000009736E0204600F0DDF9608D218D401A71
:10616000608594F8410022282068016802D041F43B
:10617000804101E041F40041016030E040212046CF
:10618000FFF72AFB2BE05A0622D4420620D4012135
:106190002046FFF751FA10212046FFF77DFA94F8C8
:1061A0004100222800D1114E608DFF2806D9258597
:1061B0002A460096E06C434681B2CBE7608D20858D
:1061C000009694F82810E06C4B46CAB281B2C1E741
:1061D0009A0604D4800602D42046FFF7BFFB0020B5
:1061E00084F840708AE700000020008000240080CE
:1061F0002DE9F05F044690F8400000260128E36A8C
:106200000DD0C843012584F8405087066FEA02028A
:1062100008D4950606D42046FFF742FCE2E00220AF
:10622000BDE8F09FC5067DD4D5067BD450044FF061
:10623000100501D5100476D4DFF8B0A1DFF8ACB1B9
:10624000DFF8A8C10AF1180A684F0BF1300BDFF82C
:10625000A0910CF1480CDFF89CE1E06BF0B35FEA31
:10626000024843D40068B8423DD050453BD0584521
:1062700039D0604537D0484535D0704533D0DFF848
:10628000748108F1180840452DD0DFF8688108F1C5
:106290003008404527D0DFF86081404523D0DFF843
:1062A000588108F1180840451DD0DFF84C8108F1ED
:1062B0003008404517D0DFF8408108F148084045D4
:1062C00011D0DFF8348108F1600840450BD0DFF8C9
:1062D000288108F17808404505D000E006E0DFF8A5
:1062E000188108F19008406800B90126A06BA0B39E
:1062F000520432D40068B8422DD050452BD05845B6
:1063000029D0604527D0484525D0704523D0394A4B
:10631000183290421FD0374A303290421BD0364A52
:10632000904201E057E035E015D0334A18329042F0
:1063300011D0314A303290420DD02F4A483290422B
:1063400009D02D4A6032904205D02B4A78329042D3
:1063500001D0294A9032406800B1F6B194F841006A
:10636000282802D1B3F1007F04D094F841002928F5
:1063700004D00FE02046FFF7BFFA33E013F5803F6B
:1063800008D02068C5612046FFF7CAF92046FFF70C
:10639000AFFC27E02068C56124E02068C561606C1F
:1063A00040F00400606494F8410013B1B3F1807FC1
:1063B00018D1212806D0292804D0222804D02A2840
:1063C00002D003E0212000E022202063616C2046FF
:1063D000FFF702FA06E0000704D4100702D42046B3
:1063E000FFF7AFF9002084F8400019E710000240E1
:1063F0007000024088000240100402402DE9F04184
:1064000090F840300446C06A012B0DD0CB430125E3
:1064100084F840509E066FEA020208D4950606D41E
:106420002046FFF73DFB6FE00220BDE8F081384DCC
:10643000DE064FF080762DD4D7062BD4638D102244
:106440006BB12168CA61616C41F00401616408B1FB
:10645000B04259D1616C2046FFF7BEF954E094F880
:106460004130282B02D1B0F1007F04D094F84110C4
:10647000292904D00BE02046FFF73EFA44E0A84269
:1064800005D02068C2612046FFF74AF939E020684C
:10649000C26139E05F0715D4570713D4618D61B12C
:1064A0002168626A496A1170616A491C6162218DC2
:1064B000491E2185618D491E6185618D21BBA842E0
:1064C0001FD121E01D0705D4150703D42046FFF78F
:1064D00038F919E0990717D4910715D4618D69B17E
:1064E000606A216800788862606A401C6062608D22
:1064F000401E6085208D401E208505E0B04200D002
:1065000010B92046FFF7F4FB002084F840008CE728
:106510000000FFFF70B50068C1F3090141EA0241C4
:10652000074D049C19434FF480664268214306EAF4
:1065300054532B439A4321F000410A43426070BDFB
:10654000FF63FF0310B590F841200021602A05D0B9
:10655000016380F84010FCF7EFFF10BD202280F8A7
:106560004120016380F84010FCF7A8FF10BD2DE921
:10657000F0411D4617460E460446DDF8188028E017
:10658000424629462046FFF7EDFB10B10120BDE849
:10659000F081681C1DD0FCF721FFA0EB0800A84289
:1065A00000D8B5B92068806936EA00000FD0002015
:1065B000B8420ED1626C002084F84000202142F0E5
:1065C0002002626484F8411084F84200DEE7012072
:1065D000EEE72068806936EA000004D00020B84267
:1065E000CED00020D3E70120F9E770B516460D465E
:1065F00004461FE0324629462046FFF7B3FB08B1A8
:10660000012070BDFCF7EAFE801BA84200D88DB9BE
:1066100020688069C04380060CD5626C002084F835
:106620004000202142F02002626484F8411084F886
:106630004200E5E720688069C0438006DAD4002084
:1066400070BD70B516460D46044621E03246294617
:106650002046FFF787FB08B1012070BD681C17D0EA
:10666000FCF7BCFE801BA84200D88DB92068806969
:10667000C04380070CD5626C002084F840002021C4
:1066800042F02002626484F8411084F84200E3E79B
:1066900020688069C0438007D8D4002070BD000006
:1066A000094808B5016841F0010101600068002255
:1066B000114600F0010000900B20FDF781F9BDE8C4
:1066C00008400B20FDF76EB9D84402580D4808B5B4
:1066D000016841F004010160016801F004010091CA
:1066E000016841F080010160016801F080010091C2
:1066F000016841F002010160006800F002000090B2
:1067000008BD0000E04402581448002110B5124CA6
:106710000123134A0460C0E90121C0E9033141614A
:106720008161C1610162FCF709FF08B1FBF7D9FC87
:106730000A480021FCF758FE08B1FBF7D2FC0748D5
:106740000021FCF77DFE08B1FBF7CBFCBDE8104053
:106750000220FCF79FBE0000005800401C000024EF
:106760004F1750001848002110B5164C0C224FF45A
:10677000E1330460C0E90131C160C0E90412816104
:10678000C161016241628162FEF7BCFE08B1FBF7A4
:10679000A8FC0D480021FEF7C7FC08B1FBF7A1FCDF
:1067A00009480021FEF79AFC08B1FBF79AFC06485D
:1067B000FEF772FC002803D0BDE81040FBF791BC47
:1067C00010BD000000100140E8000024FEE7FEE7D5
:1067D00030B5084C00221146002004EBC113451CC3
:1067E0001A54E8B28028FAD3491CC9B20829F3D355
:1067F00030BD0000FD010024F0B5CD1825E0831860
:1068000004461EE07F2C1AD8002918DB3F2916DC2D
:106810004FEAE17C0E4E012701EB5C7E4FEAEE0C65
:106820002EF0070E06EBCC16A1EB0E0C264407FA51
:106830000CF796F800C02CEA070C86F800C0641C20
:1068400024B2A342DEDC491C09B28D42D7DCF0BD84
:10685000FD0100242DE9FF5F00261446C2F1010B63
:106860000D460E9B8046039A2146304600F090FC70
:10687000474620B12919404609B200F05FFB61424A
:106880004FF0000A0E9B8946039A504600F080FCA8
:1068900020B1291B384609B200F050FB0E9B31464F
:1068A000039A204600F074FC28B108EB0400294646
:1068B00000B200F043FB0E9B5146039A484600F09D
:1068C00067FC28B1A8EB0400294600B200F036FBB3
:1068D0000F98002811D04F460DE00E9B0020039A20
:1068E000394600F055FC20B1E81901B2404600F0ED
:1068F00025FB7F1C3FB2A742EFDBCBE0761C36B214
:10690000BBF1000F02DA0BEB460004E0641E24B278
:10691000311B0BEB41000E9B401C039A0FFA80FBCE
:106920002146304600F034FC30B1291908EB06004E
:1069300009B200B200F002FB0E9B3146039A2046DA
:1069400000F026FC30B1A91908EB040009B200B22E
:1069500000F0F4FA60420E9B01B2039A704289463D
:1069600000B2824600F014FC30B1291BA8EB0600EF
:1069700009B200B200F0E2FA0E9B5146039A484673
:1069800000F006FC30B1A91BA8EB040009B200B26C
:1069900000F0D4FA0E9B4946039A304600F0F8FB0B
:1069A00030B1291B08EB060009B200B200F0C6FAAC
:1069B0000E9B5146039A204600F0EAFB30B1A91B1A
:1069C00008EB040009B200B200F0B8FA0E9B2146B1
:1069D000039A504600F0DCFB30B12919A8EB060001
:1069E00009B200B200F0AAFA0E9B3146039A48465B
:1069F00000F0CEFB30B1A919A8EB040009B200B237
:106A000000F09CFA0F98E8B34F461DE00E9B394604
:106A1000039A304600F0BCFB30B1E91908EB0600E0
:106A200009B200B200F08AFA0E9B3946039A50462A
:106A300000F0AEFB30B1E919A8EB060009B200B2D4
:106A400000F07CFA7F1C3FB2A742DFDB57461FE015
:106A50000E9B3946039A484600F09AFB30B1E9197B
:106A6000A8EB040009B200B200F068FA0E9B3946A8
:106A7000039A204600F08CFB40B1E91909B208EBFB
:106A8000040000E006E000B200F058FA7F1C3FB2BC
:106A9000B742DDDBA642FFF631AFBDE8FF9F2DE92F
:106AA000FF4F87B0804614460D46C2F101004746AD
:106AB0002144029009B24046002600F03FFA291B0B
:106AC000384609B200F03AFA08EB0400294600B251
:106AD00000F034FAA8EB0400294600B200F02EFAC8
:106AE0000A98002875D0674206E0E81901B24046CE
:106AF00000F024FA7F1C3FB2A742F6DB69E002985F
:106B0000761C36B2002802DA00EB460004E0641E70
:106B100024B2311B00EB4100401C00B2029008EB94
:106B2000060000B201902919009009B2069100F008
:106B300005FA08EB040000B2A919834609B20591D1
:106B400000F0FCF9281B07B2A8EB0600394600B29A
:106B50000490814600F0F2F9A8EB040000B2A91BF2
:106B6000824609B2039100F0E9F90098394600F035
:106B7000E5F90399584600F0E1F90699484600F016
:106B8000DDF90599504600F0D9F90A9808B360423A
:106B900007B20BE0E919019809B2894600F0CEF975
:106BA0000498494600F0CAF97F1C3FB2A742F1DBC6
:106BB000704207B20BE0E919504609B2894600F06D
:106BC000BDF94946584600F0B9F97F1C3FB2B742BB
:106BD000F1DBA64293DB0BB0BDE8F08F2DE9FE4F51
:106BE0009A468046CAF10007544600EE907AB6EE07
:106BF000001B12FB02F9B8EEE03B13FB04FB02EEB4
:106C0000109A00EE10BA33EE013BB8EEC00BB8EEAE
:106C1000C22B0C980E464FF0000502EE030BB7EEA8
:106C2000C00B60B90DE0F01901B24046009100F0D0
:106C300085F90099404600F081F97F1C3FB2A742D8
:106C4000F1DB301901B208EB050210B2CDE9010108
:106C500000F074F9311BA8EB050009B2009107B2EE
:106C600049E000BFB5EEC00A4FF00300F1EE10FAA4
:106C700004D800EB45020BFB02F00BE0634202225A
:106C800000EB450502EB43030BFB05F009FB03009A
:106C9000641E24B200EE900A0C980DB2F8EEE00AE1
:106CA00030EE800AC0B108EB050210B202906142DA
:106CB000A8EB05030FB218B201900BE0F11902988E
:106CC00009B2009100F03AF9DDE9001000F036F960
:106CD0007F1C3FB2A742F1DB301901B208EB05027D
:106CE00010B2CDE9010100F029F9301BA8EB050233
:106CF00001B2009117B2384600F020F902993846E7
:106D000000F01CF9DDE9001000F018F900EE904ADF
:106D100003EE109A691CB8EEE02BB8EEC33B0BFBF8
:106D200001F032EE412B00EE900A23EE023BB8EE6A
:106D3000E02BB4EEC23BF1EE10FA93DC00EE105AF9
:106D400000EE90BA611EB8EEC02BB8EEE03BB8EE94
:106D5000C00B09FB01F232EE012B30EE014B4A432E
:106D600009FB0AF000EE102A00FB0AF023EE021BDA
:106D7000B8EEC00B02EE100AB8EEC22B01EE040B07
:106D800030EE420BB7EEC00B56E000BFB5EEC00AC6
:106D9000F1EE10FA0DD80220624200EB4503032108
:106DA0000BFB03F001EB42026D1C09FB02002DB24C
:106DB00005E00320614200EB410109FB01F0641E84
:106DC00000EE900A0C9824B2F8EEE00A30EE800A49
:106DD000C0B108EB050210B201906142A8EB0503B7
:106DE0000FB218B200900BE0F119019809B28A466F
:106DF00000F0A4F80098514600F0A0F87F1C3FB2C4
:106E0000A742F1DB311909B208EB050000B2CDE968
:106E1000000100F093F8311BA8EB050009B207B29E
:106E20008A46384600F08AF80199384600F086F81C
:106E30000098514600F082F8002CA7DCBDE8FE8FD8
:106E40002DE9F04F1F464FF00009B94205460C46A8
:106E50001646C8460ED1B54208DD2E46154605E059
:106E60002146284600F06AF86D1C2DB2B542F7DDC8
:106E7000BDE8F08FB5420DD1BC4208DD1C460F467F
:106E800005E02146284600F059F8641C24B2BC42B3
:106E9000F7DDEDE703DD2E4615461C460F46BC42E6
:106EA00005DD60424FF00109794204B20FB2381B90
:106EB000711B884207DD28462546044630464FF0C0
:106EC00001083E460746711B381BA0EB0102C1EBCF
:106ED00040034FEA40004FEA42011FB20FFA80FB25
:106EE0000FFA81FAB9F1000F1FD122E0684201B216
:106EF00003E0604201B203E02946204601E021465A
:106F0000284600F01BF8B542B2DA6D1C2DB2002FF6
:106F100003DA07EB0B0007B204E0641C07EB0A007E
:106F200007B224B2B9F1000F03D0B8F1000FE0D0DE
:106F3000DCE7B8F1000FE2D0DEE7000030B57F28D3
:106F400013D8002911DB3F290FDCCA17074C012396
:106F500001EB5272D51022F0070204EBC514891A16
:106F600020448B4001781943017030BDFD0100249D
:106F70002DE9F0430746884601EB0305079807EB28
:106F8000020670BB681E3C460FFA80F909E04146D4
:106F90002046FFF7D3FF49462046FFF7CFFF641C8A
:106FA00024B2A642F3DC761E444636B209E02146FE
:106FB0003846FFF7C3FF30462146FFF7BFFF641C8A
:106FC00024B2A542F3DCBDE8F083444605E0214647
:106FD0003846FFF7B3FF641C24B2A542F7DC7F1CE0
:106FE0003FB2BE42F1DCEEE72DE9F04785B0054641
:106FF0000C469A4691462746DDE90E800D9EADF877
:1070000004500028ADF80C102846ADF80620ADF865
:107010000860ADF80E30ADF8108020D081454946AB
:1070200000DA0846864200DA30465146A24500DAC8
:107030000C46A04500DA44464946A94500DD0D4608
:10704000AE4200DD35465146BA4500DD0F46B84533
:1070500000DD47468046A84212DC264621E0534622
:107060004A463946FFF7ECFE43463246214628465B
:10707000FFF7E6FE4346324651464846FFF7E0FE3C
:1070800005B0BDE8F0870320434603AA009601A996
:1070900000F086FB18B131464046FFF74FFF761CE3
:1070A00036B2BE42EFDD08F1010000B2D2E70000C7
:1070B00030B57F2814D8002912DB3F2910DCCA170D
:1070C000084D012301EB5272D41022F0070205EBA8
:1070D000C414891A205C8B40184201D0012030BDB5
:1070E000002030BDFD0100240249884201D100F09A
:1070F000D7BA70471C000024AE2010B500F02AFB60
:10710000D52000F027FB802000F024FBA82000F011
:1071100021FB3F2000F01EFBD32000F01BFB0020D2
:1071200000F018FB402000F015FBA12000F012FB3E
:10713000C82000F00FFBDA2000F00CFB122000F05A
:1071400009FB812000F006FBCF2000F003FBD920D3
:1071500000F000FBF12000F0FDFADB2000F0FAFA6D
:10716000302000F0F7FAA42000F0F4FAA62000F096
:10717000F1FA8D2000F0EEFA142000F0EBFAAF20C7
:1071800000F0E8FAFFF724FBBDE8104000F0C8BAB1
:1071900000EE100A70B5B8EEC01B00EE101A1C46C7
:1071A0001546B8EEC00B01F0ABFA9FED0D1B9FED3D
:1071B0000E3BA54280EE012B22EE030BBDEEC00B71
:1071C00010EE100A00B204DAA84206DBA04202DD8B
:1071D00003E0A842FADB012070BD002070BD000072
:1071E0001F85EB51B81E094000000000008066407A
:1071F0000246012000E05043491EFCD270470FB404
:1072000070B5C0B0144648AA0D4606466846479970
:10721000F9F780F923466A462946304600F0BCF962
:1072200040B070BC5DF814FB084B002130B5002065
:1072300003EBC112441C155CED431554E0B28028E9
:10724000F8D3491CC9B20829F1D330BDFD0100248F
:10725000F0B5CD1823E0831804461CE07F2C18D825
:10726000002916DB3F2914DCCE170E4F4FF0010C1E
:1072700001EB567607EBE607274426F00706A1EB5D
:10728000060E97F880600CFA0EFC86EA0C0687F86A
:107290008060641C24B2A342E0DC491C09B28D4228
:1072A000D9DCF0BDFD01002410B540F0B0000C4663
:1072B00000F050FA102040EA141000F04BFA04F0ED
:1072C0000F00BDE8104000F045BA2DE9F04300245E
:1072D0001D4617468946079E804612E0291B02205C
:1072E000491EFFF785FFB7FBF0F03346494600F033
:1072F000010204FB0680303200B200F007F8641C83
:10730000E4B2AC42EAD3BDE8F0830000082B08B534
:107310000DD0062B0AD10A4B02EB420203EB4202CC
:10732000C03A00920823062200F084F808BD054BFD
:1073300003EB02121023A2F5007200920822F3E779
:1073400056920008668C00082DE9F84FB5EEC00B88
:107350000A9C9A46F1EE10FA90468B460746234661
:1073600003DB2B22FFF7D2FF04E02D22FFF7CEFF35
:10737000B1EE400B0A205146BCEEC01B11EE105A74
:1073800001EE105AB8EE411B30EE411BFFF730FF03
:10739000814600EE109AB8EE400B21EE000B01F092
:1073A0008FFABCEEC00B43465946009410EE106AAB
:1073B000B6FBF9F04219381900B200F09BF808F159
:1073C000010023462E22594600FB047000B2FFF74D
:1073D0009DFF08F1020053463246594600FB0470F7
:1073E000009400B200F086F8BDE8F88F2DE9F04374
:1073F00000241D4690468946079E074616E0291B35
:107400001020491EFFF7F4FEB8FBF0F03346494662
:1074100000F00F0204FB06700A2A00B201D23032DB
:1074200000E03732FFF772FF641CE4B2AC42E6D3EF
:10743000BDE8F0832DE9F04F00241E46154689462D
:107440008346FFF7D9F9761EDFF8A4E00121F01793
:1074500006EB507001EBE00646E0002040E000BF84
:107460000BEB00037F2B39D84FEAE97209EB52711D
:1074700021F00707CA10B9F1000FA9EB070103DAE1
:10748000521E083112B209B202EB040ABAF1070F18
:107490000ED8099F0EEBCA1214FB05FC07EB00087F
:1074A000D75C1CF808C00CFA01FC47EA0C07D7545B
:1074B0000AF10102072A11D8099F14FB05FC07EB0A
:1074C0000008C1F108070EEBCA1119441CF8082086
:1074D00091F88030FA40134381F88030401CC0B2EC
:1074E000A842BDD3641CE4B2A642B6DCBDE8F08F6E
:1074F000FD0100242DE9F0470A271D46002490468F
:10750000089E8A46814614E0291B0A20491EFFF77F
:107510006FFEB8FBF0F03346B0FBF7F107FB11024A
:1075200004FB06903032514600B2FFF7EFFE641CB8
:10753000E4B2AC42E8D3BDE8F0872DE9F04714008F
:107540001E468A468146DDF82080434604D42B221D
:10755000FFF7DCFE254603E02D22FFF7D7FE65424C
:1075600000240A2714E0311B0A20491EFFF740FEC1
:10757000B5FBF0F0641C4346B0FBF7F107FB1102CA
:1075800004FB08903032514600B2FFF7BFFEE4B270
:10759000B442E8D3BDE8F0872DE9FF4F4FF0000A71
:1075A000DFF8CC9083B09B4690465546544657E052
:1075B000100610D403986D1C8DF80420ADB2204441
:1075C000049900B25B468DF805A0FFF79FFE04EB1F
:1075D0000B0084B244E06D1C8DF80420A8B218F8AA
:1075E0000010002940D0401C8DF8051085B28DF8A0
:1075F00006A0002606E001A93846F9F709F860B1AF
:10760000761CB6B21BA1C6EBC60000EB8000484456
:107610000746F8F7FDFF0028EDD1BBF1080F03D0B6
:10762000BBF1060F1CD111E0C6EBC600102300EB26
:1076300080011A4601EB09000499C01C00900398D0
:10764000204400B2FFF7F6FE103408E0039806234A
:1076500004993F22204400B2FFF758FEA41DA4B2B3
:1076600018F80520002AA3D107B0BDE8F08F00006C
:10767000909400080000000030B5084CFF22002163
:10768000002004EBC113451C1A54E8B28028FAD339
:10769000491CC9B20829F3D330BD0000FD01002404
:1076A00010B51D4C607800F07F012171207800F04A
:1076B0000702A27020780009E07090420CD8FFF712
:1076C000F3FDE178154800EBC110617900F052F844
:1076D00020781030207010BDE088401CE080607879
:1076E000C0090ED0207800070BD5607800F07F002D
:1076F0006070207800F0F7002070BDE8104000F0C6
:107700000FB86078C009E6D020780007E3D460782D
:1077100000F07F00607010BD14000024FD01002403
:107720000B484178C90904D0017841F00801017083
:10773000704743788022072143F0800343704271F1
:107740000170417801F080014170FFF7A9BF00008E
:10775000140000241CB50022C821019202238DF8D8
:10776000050001AA024800917821FBF74BFF1CBDE0
:107770001C000024084B10B50C464021224619700D
:107780000146581CF8F7D8FE631C034ABDE81040B8
:1077900002487821FBF7DCBF7C0100241C00002498
:1077A0002DE9F047471E9A4600238946089C194652
:1077B00029E000BF32F91150A54202DD4FF0010C63
:1077C00001E04FF0000C32F91760A64202DD4FF0E5
:1077D000010801E04FF00008C44511D039F917C085
:1077E000A4EB050839F91170751BACEB070606FB15
:1077F00008F696FBF5F5EE19564501DD43B1002379
:107800000F464D1C29B28142D4DB1846BDE8F087F3
:107810000123F5E7704700002DE9F047454D044688
:1078200089464FF0000A2868C04380070AD0414EBD
:10783000283E306820F080603060FBF7CFFD0746BF
:10784000B04608E00120BDE8F08700BFFBF7C6FDA9
:10785000C01B022867D8D8F800000001F6D42068C1
:1078600029684FF4FE0721F47C313E0241EA0030E2
:107870002860207AA389B4F804C040022D4D2D4918
:107880005B1E227CACF1010C1035091DA0F50070C7
:1078900080B2521ECCF3080C07EA034340EA0C0006
:1078A000184306EA0262104328600868626920F003
:1078B000C000104308600A68A06922F02002024359
:1078C0000A60281D0A6822F010020A6002684FF65A
:1078D000F873E4699A4342EAC40202600868B9F1A5
:1078E000000F40F010020A6011D00868B9F1010FD2
:1078F00011D040F400100860D8F80000444640F071
:107900008060C8F80000FBF769FD05460DE00868D7
:1079100040F40020EFE740F48010ECE7FBF75EFD59
:10792000401B022801D903208DE720680001F5D50E
:10793000504688E7284402582DE9F047454D044653
:1079400089464FF0000A2868C04380070AD0414E9C
:10795000283E306820F080503060FBF73FFD07463E
:10796000B04608E00120BDE8F08700BFFBF736FD18
:10797000C01B022867D8D8F800008000F6D4208801
:1079800029684FF4FE0721F07C713E0241EA005065
:107990002860207AA389B4F804C040022D4D2D49F7
:1079A0005B1E227CACF1010C1835091DA0F500709E
:1079B00080B2521ECCF3080C07EA034340EA0C00E5
:1079C000184306EA0262104328600868626920F4DE
:1079D0004060104308600A68A06922F40072024304
:1079E0000A60281D0A6822F480720A6002684FF655
:1079F000F873E4699A4342EAC40202600868B9F184
:107A0000000F40F480720A6011D00868B9F1010FCC
:107A100011D040F080700860D8F80000444640F073
:107A20008050C8F80000FBF7D9FC05460DE0086857
:107A300040F48000EFE740F40000ECE7FBF7CEFCF9
:107A4000401B022801D903208DE720688000F5D56E
:107A5000504688E7284402587047FBF73FBF0000B4
:107A600070B59CB04C216846F8F7ABFD202113A8F7
:107A7000F8F7A7FD0220FBF7D5FF2D4900242D487C
:107A80000A6822F001020A600A68026842F4404271
:107A90000260026802F440421B9202689204FCD524
:107AA000254A136843F002031360126802F00202D1
:107AB0001B92026842F44042026002680A6842F087
:107AC00001020A60096801F001011B910168890443
:107AD000FCD50DF1280C022009900521C0228CE86C
:107AE0000700C3030F9008250D9001260E90CDE9E5
:107AF0001054CDE9006368461294FCF7F9FF08B111
:107B000072B6FEE740201A903F210301CDE91650DE
:107B10000322CDE9180313AB13A883E81600042150
:107B2000FCF7D6FD002801D072B6FEE71CB070BD90
:107B30002C04005818480258F44402582C48F0B558
:107B40002C4A016841F470010160106800F00F00D8
:107B5000072804D2106820F00F00C01D10602649CD
:107B60000020254C10340B68244D43F001030B60BA
:107B700020600B682B400B60136803F00F03072B8A
:107B800004D9136823F00F03DB1D13601A4C1C4A41
:107B900018341C4B261D371D2060174C1A4D2834F5
:107BA0003060261D3860371D23603B1D35601C1D6D
:107BB0003A60251D2E1D1860331D2260286032603A
:107BC00018600A680C4B114C22F4802260330A6062
:107BD000186020686FF30F00B0F1005F03D20C490A
:107BE0000120C1F8080143F2D2000A490860F0BD43
:107BF00088ED00E000200052004402587FEDF6EAD4
:107C000080020101000202020000FF010010005C7E
:107C1000008000510040005270B500244FF47A7685
:107C200025011023294680220020FFF711FBFFF7D2
:107C300077FD3046FBF7A4FA102329468022002066
:107C4000FFF706FB641CE4B2042CE9D3FFF7ECFA5F
:107C5000FFF766FD3046BDE87040FBF791BA0000C3
:107C6000FEB50021082308464122FFF74FFB0823F9
:107C70000021102062A2FFF78FFC0623412212216F
:107C80000020FFF743FB0623122110205CA2FFF720
:107C900083FC062443F23902052300941C210020B2
:107CA000FFF728FC022300941C2128206FF04102DA
:107CB000FFF743FC04234AF2A5521C2100944620FE
:107CC000FFF794FB08230094A52226210020FFF74C
:107CD000FCFA022303229FED4E0B262100943C2048
:107CE000FFF732FB0823302100204BA2FFF754FCA2
:107CF0004D48102330211A4600906020FFF79AFB70
:107D0000062200941221602048A3FFF778FAFFF7BB
:107D100007FD40F6B830FBF733FAFEF759FD0821AE
:107D20000520FFF70BF908210520FFF7C1F92346CD
:107D300008B140A200E040A204210A20FFF72CFC79
:107D40000F237F2200212820FFF77AF800237F22CB
:107D50000F212820FFF774F8002400940F232046F9
:107D60000C221421FFF704F9012500950F230C22A2
:107D700028210020FFF7FCF81E260096232014215E
:107D8000CDE90104192308462822FFF72DF93720F1
:107D900000962822CDE901052D2311461420FFF776
:107DA00023F9002308221B213720FEF778FE012348
:107DB00008222F213720FEF772FE082300940C22A0
:107DC0001B215220FEF70AFF082300950C222F21C9
:107DD0005220FEF703FF7D2619230F2212216E2069
:107DE000CDE90064FEF736FD19230F2226216E200F
:107DF000CDE90065FEF72EFDBDE8FE40FFF790BC23
:107E000048656C6C6F20576F726C64210000000035
:107E1000CDCCCCCCCCDC5E4048656C6C6F2CCAC041
:107E2000BDE7A1A300000000859500085B25303266
:107E3000645D0000594553004E4F200030B5416E3F
:107E4000B9B101680D4B03F108048A688968C2F36F
:107E50004262490F5D5C615C2D01B5FBF1F1A0F858
:107E60006A10995CA25C0901B1FBF2F1A0F86810FC
:107E700030BD0121A0F86A10F8E70000468C000828
:107E800090F82810090706D50168836B4A6822F428
:107E900000421A434A6090F82810C90706D00168CA
:107EA000C36A4A6822F400321A434A6090F82810E4
:107EB000890706D50168036B4A6822F480321A43A9
:107EC0004A6090F82810490706D50168436B4A6854
:107ED00022F480221A434A6090F82810C90606D579
:107EE0000168C36B8A6822F480521A438A6090F852
:107EF0002810890606D50168036C8A6822F40052AE
:107F00001A438A6090F82810490611D50168436C1D
:107F10004A6822F480121A434A60416CB1F5801F0E
:107F200006D10168836C4A6822F4C0021A434A6091
:107F300090F82810090606D50168C26C486820F43C
:107F400000201043486070472DE9F843002504469F
:107F5000C0F89050FBF742FA8046206820266FF068
:107F60007E470068000713D50022434631042046AF
:107F7000009700F049FA58B1216851E8000F20F04D
:107F8000800041E80002002AF6D1C4F8886021E0B0
:107F900020680068400722D5002243464FF4800144
:107FA0002046009700F030FAC8B1206850E8001F62
:107FB00021F4907140E80012002AF6D120680830C0
:107FC00050E8001F21F0010140E80012002AF5D11D
:107FD000C4F88C60032084F88450BDE8F883C4F8AA
:107FE0008860C4F88C60E5662567002084F88450BA
:107FF000F3E710B5806B0021A0F85E10A0F85610D2
:10800000FDF7BAF810BD000010B5026852E8001F75
:1080100021F4907142E80013002BF6D10E4B026858
:10802000083252E8001F194042E80014002CF6D133
:10803000C16E012908D1026852E8001F21F0100129
:1080400042E80013002BF6D100212022C0F88C203A
:10805000C166416710BD0000FEFFFFEF2DE9F04350
:1080600004468068D84E87B0D84B2168D4E90427ED
:10807000D4F81CC010430A68002547EA0C073843AF
:10808000324002430A602068E268416821F44051AE
:10809000114341602268A1699A4201D0206A0143DC
:1080A0009768DFF82CC3CB4ECB4807EA0C070F4389
:1080B00097602168676ACA6A22F00F023A43CA626F
:1080C0002268B2420ED1006800F03800182873D040
:1080D00047DCB8B3082879D010286FD178E0282879
:1080E0007ED17BE0BD498A4209D1006800F00700DB
:1080F000062875D2DFE800F0546A6C6E7072B849D9
:108100008A4209D1006800F00700062868D2DFE83B
:1081100000F0475D5F616365B2498A4209D100683A
:1081200000F0070006285BD2DFE800F03A50525416
:108130005658AD498A420BD1006800F00700062866
:108140004ED200E010E0DFE800F02B414345474904
:10815000A6498A420AD1006800F03800182839D0B0
:10816000B7DD2028BBD13CE001203AE0A0498A429B
:1081700009D1006800F00700062831D2DFE800F0DE
:108180001026282A2C2E9B498A420BD1006800F029
:108190000700062824D2DFE800F003191B1D1F2169
:1081A00000201EE09A421BD18B48001D006800F0A1
:1081B0000700062814D202E00CE007E010E0DFE838
:1081C00000F0030507090B0D02200AE0042008E077
:1081D000082006E0102004E0202002E0402000E01B
:1081E00080208549DFF814829A42854A4FF4004383
:1081F0004FEA21174FF000064ED110281AD006DCA6
:10820000022809D004280BD008287CD10DE02028B2
:108210003ED0402877D13DE0FBF72EFC014610E030
:108220006846FBF73BFC01990BE003A8FBF7D8FC81
:10823000049906E01068800605D51068C0F3C100F7
:10824000C140002970D0606A676838F8102007EBD9
:108250004703B1FBF2F0834255D8B0EB073F52D849
:10826000002308461946F8F7DDF802467808130E91
:10827000120243EA012110183A4671410023F8F72F
:10828000D1F8604AA0F5407191423CD821688FE056
:108290003946D8E71946D6E7D4F81CC04FF6EF792F
:1082A0009C4546D1082819D005DC58B101280CD0CE
:1082B000042875D10DE0102815D0202835D040288D
:1082C0006ED134E0FCF754FB01E0FCF763FB0146A0
:1082D00010E06846FBF7E2FB01990BE003A8FBF70F
:1082E0007FFC049906E01068800604D51068C0F38E
:1082F000C100C140C1B1636A606838F81330B1FB96
:10830000F3F1490000E04BE001EB5001B1FBF0F06C
:10831000A0F11001494543D84FF6F0732168C0F32E
:1083200042021840104343E043E03946E3E7194670
:10833000E1E7082819D005DC58B101280CD0042841
:108340002ED10DE0102815D020282BD0402827D181
:108350002AE0FCF70DFB01E0FCF71CFB014610E0F6
:108360006846FBF79BFB01990BE003A8FBF738FC81
:10837000049906E01068800604D51068C0F3C100B7
:10838000C140B1B1636A606838F81330B1FBF3F1F2
:1083900001EB5001B1FBF0F0A0F11001494505D906
:1083A000012506E03946EDE71946EBE7216880B282
:1083B000C8600120A4F86A00A4F86800284666672F
:1083C000A66707B0BDE8F083F369FFCF000C005843
:1083D000FFF4FF11001001405444025800440040D3
:1083E00000480040004C0040005000400014014094
:1083F00000780040007C00400090D0032E8C0008E4
:1084000000440258FFFC0F002DE9F047994617463B
:108410000D460446089E4FF0000833E0701C31D032
:10842000FAF7DCFFA0EB0900B04218D8BEB1206813
:108430000168490726D5802D24D0402D22D0C1695E
:10844000C94309070DD4082505622046FFF7DCFD66
:10845000C4F89050012084F88480BDE8F0870320A0
:10846000FBE7C069C04300050CD421684FF40060ED
:1084700008622046FFF7C8FD2021C4F8901084F858
:108480008480ECE72068C06935EA000004D0002051
:10849000B842C3D00020E0E70120F9E70148FCF72B
:1084A0006DBE0000E8000024FEE703B4019841001F
:1084B000009850EAC12018BF04204A0D18BF40F0B0
:1084C000010040F2FF72B2EB515F08BF40F00200C2
:1084D000012808BF052002B07047090700284FEAAD
:1084E000116104DB00F1E02080F80014704700F017
:1084F0000F0000F1E02080F8141D7047000000001C
:1085000070B565482DED020B2DED048B059D25F012
:108510000044A04218DC6148844202DC0AD104987D
:1085200040B19DED040BBDEC048B02B0BDE8704082
:1085300000F04EBA002DCCBF9FED590B9FED5A0BAA
:10854000BDEC048B02B070BD5948A04215DD5948FE
:10855000A042D8BF4FF0FF3455DD9DED040B51EC28
:10856000100BFFF7A2FF042808BF00F039FA9DEDB9
:10857000040BBDEC048B02B070BD9DED040B51ECFF
:10858000100B00F048FACDE904014B489FED4C0B6D
:10859000A0421CDD4C48A0420BDD9DED042B0024C5
:1085A0009FED4B1B12EE010B32EE011B80EE012BF7
:1085B00027E09DED041B9DED042B012431EE401BB3
:1085C00032EE000B81EE002B8DED042B1BE04248B8
:1085D000A0420FDD9DED042B02249FED411B9DED7C
:1085E000043B32EE412B03EE010B82EE001B8DEDBE
:1085F000041B08E09DED040B9FED3B1B032481EE63
:10860000002B8DED042B9DED040B3948062120EE47
:10861000009B29EE098BB0EE480B784400F0A0F9DE
:1086200020EE099B3348B0EE480B0521784400F05A
:1086300097F920EE080B002C0BDA9DED042B39EE98
:10864000001B9DED040BBDEC048B02B002EE410B50
:1086500070BD2948784439EE000B00EBC4009DED55
:10866000042B90ED001B254812EE001B9DED040B22
:1086700031EE400B784400EBC400002D90ED001B60
:1086800031EE400BB8BFB1EE400BBDEC048B02B035
:1086900070BD000000000000000010440000F07FEA
:1086A000182D4454FB21F93F182D4454FB21F9BFE8
:1086B0000000DC3F0000203E0000F33F000000000F
:1086C000000000000000F03F0000E63F0000000056
:1086D0000000000000000040008003400000000097
:1086E000000000000000F83F000000000000F0BFA4
:1086F0003A10000000100000B80F0000780F0000D2
:1087000070B55F4E2DED040B2DED028B82B0DDF8C0
:108710001CC0DDE905235C422CF000411C4341EA0A
:10872000D474049D22F00040B44205D86C422C431E
:1087300040EAD474B4420BD99DED061B9DED040BA9
:1087400002B0BDEC028B04B0BDE8704000F043B94C
:10875000ACF14054A4F17F641C430BD0022404EA22
:10876000AC7444EAD27405439FED478B9FED482BD0
:108770000DD016E09DED040B51EC100B00F043F909
:1087800041EC100B02B0BDEC028B04B070BD002CAC
:1087900014BF012C9DED040BF4D0022C2ED0032C21
:1087A0002FD00B439FED3C1B9FED3D0B0AD0B142F8
:1087B0001DD1B04209D121F0804120F080400791C5
:1087C000059014E0002ADDDA15E0374B7B44002CDD
:1087D00008BF93ED000BD5D0012C04BF93ED000B27
:1087E000B1EE400BCED0022C08D0032C09D0B04201
:1087F0000AD1002AC6DAB0EE410BC3E7B0EE480B4F
:10880000C0E7B0EE420BBDE7401A00153C28C8BFD8
:108810008DED000B17DCBCF1000FBEBF10F13C0F5B
:108820009FED230B8DED000B0DDB9DED041B9DEDEE
:10883000062B81EE020B51EC100B00F0ECF800F06F
:10884000E2F8CDE90001002C08BF9DED000B99D0A6
:10885000012C0CD09DED001B9FED170B022C31EE6F
:10886000400B0CBF38EE400B30EE480B8AE7019806
:1088700080F0004001909DED000B83E700000000B8
:108880000000F07F00000000182D4454FB21094037
:10889000182D4454FB2109C0182D4454FB21F9BF65
:1088A000182D4454FB21F93FB80E000000000000D1
:1088B0000000000000000000075C143326A6A13C65
:1088C00010B52DED020B84B09DED040B51EC100B97
:1088D00000F046F941EC100B9DED041B05989FED4F
:1088E0001A2B31EE401B9FED1A3B9FED1B4B10F0F6
:1088F000004F0AD0B4EEC41BF1EE10FA0AD9B4EE60
:10890000C31BF1EE10FA0FDD0CE0B4EEC41BF1EE68
:1089100010FA02D230EE420B06E0B4EEC31BF1EEC9
:1089200010FA01DB30EE020B8DED020B9DED040B16
:108930008DED000B10EE900A039961F31E00039079
:108940009DED020B06B010BD000000000000F03FDE
:10895000000000000000E03F000000000000E0BF59
:10896000491E00EBC102B0EE401B92ED000B31F04E
:1089700006020DD0491E00EBC102B0EE403B92ED65
:10898000002B31F00602B0EE420B03EE010BF1D1E9
:10899000022914D004290AD0062918BF704790ED87
:1089A0000A2B00EE012B90ED080B02EE010B90ED6F
:1089B000062B00EE012B90ED040B02EE010B90ED67
:1089C000022B00EE012B90ED000B02EE010B704725
:1089D00030EE000B704730EE010B704700000000D6
:1089E0009FED030B20EE000B70470000000000001D
:1089F000000000000000001030380A2801D20120D9
:108A000070470020704710B541EC100BFFF778FD60
:108A100051EC100B10BD82B0CDE9000121F00040F7
:108A200001909DED000B02B051EC100B704700005F
:108A3000FAF75CFFFFF714F8FDF748FEFDF730FE8C
:108A4000FDF762FEFDF78EFEFEF756FBFEF714FE05
:108A5000FEF766FE6420FAF793FBFDF7B9FEFFF719
:108A6000FFF800BFFFF7D8F8FCE7000010B50029B9
:108A70000AD00878002807D005487844F7F7C8FDE1
:108A8000002801D0002010BD0248784410BD00002D
:108A9000F20C0000EA0C000010B500290AD008789A
:108AA000002807D005487844F7F7B2FD002801D028
:108AB000002010BD0248784410BD0000E20C000008
:108AC000DA0C00000EF1020E2EF0030E5EF8046BBD
:108AD000364205D4012A43EB030515F5001F12D8D1
:108AE000012841EB010C1CF5001F0CD80ED14FEAF8
:108AF000D17C15F5001F0CEB4C0C0CF1020C08BFDF
:108B00004CEBD37C04E04FF0080C01E04FEAD37C3F
:108B10000CEB4C0526FA05F606F00706B6F1040C38
:108B200006D20EEB860CBDE870404CF0010C60479D
:108B3000DFE80CF0090B02024FF000414FF000009B
:108B4000A1F5002170BD19461046012851EB010422
:108B500018BFD4F5001484BF002001F0004170BD9F
:108B60005FEA410C5FEA5C5CACF580635B1C39D466
:108B7000D3F1340240F34580B2F1200314DA4FF010
:108B8000010C0CFA02FCACF101030340B3EB5C02F4
:108B900020EA030008BF10EA0C0F98BF704710EBE3
:108BA0000C0041F1000170470AD0C3F1200201FA24
:108BB00002FC012821FA03F101FA03F14CF1000053
:108BC0004FF0010C0CFA03FCACF10103B0F1004FC3
:108BD00021EA030108BF11EA0C0F4FF0000088BF23
:108BE00061447047B3F1FF3F28BF50EAC12C01F048
:108BF00000414FF0000084BF41F07C5141F470010E
:108C00007047B3F5806FB8BF704770B5FFF75AFF74
:108C100040DBB6BE4FF04070E1EE100A7047F8F747
:108C20008EB9F8F7C3BA0006101600061016010038
:108C300002000400060008000A000C0010002000DA
:108C40004000800000010101010307010000080449
:108C500002040801010100000000010203040102F6
:108C600003040607080900000000000000000000DF
:108C7000000000000000000000F8000000000000FC
:108C800000333000000000160E00160E0000000039
:108C900000000000000040C07840C0784000043F61
:108CA00004043F040400007088FC08300000001831
:108CB00020FF211E0000F008F000E0180000002155
:108CC0001C031E211E0000F00888700000001E21F9
:108CD000232419272110000000160E0000000000B8
:108CE000000000000000000000E018040200000086
:108CF00000071820400000020418E00000000040B7
:108D0000201807000000404080F080404000020230
:108D1000010F01020200000000F00000000001014C
:108D2000011F01010100000000000000000000B070
:108D300070000000000000000000000000000001C2
:108D400001010101010100000000000000000030ED
:108D50003000000000000000000080601804006087
:108D600018060100000000E010080810E000000FE5
:108D7000102020100F00001010F80000000000204C
:108D8000203F202000000070080808887000003094
:108D9000282422213000003008888848300000183C
:108DA000202020110E000000C02010F80000000755
:108DB0000424243F240000F80888880808000019CB
:108DC000212020110E0000E0108888180000000FFC
:108DD000112020110E0000380808C83808000000D3
:108DE000003F000000000070880808887000001C28
:108DF000222121221C0000E010080810E0000000E1
:108E0000312222110F00000000C0C000000000004D
:108E1000003030000000000000C0C0000000000072
:108E200080B07000000000008040201008000001A9
:108E3000020408102000404040404040400004042C
:108E400004040404040000081020408000000020F6
:108E5000100804020100007048080808F000000033
:108E6000003036010000C030C828E810E0000718C4
:108E7000272423140B000000C038E0000000203C31
:108E800023020227382008F8888888700000203FD5
:108E9000202020110E00C0300808080838000718EC
:108EA00020202010080008F808080810E000203FE3
:108EB000202020100F0008F88888E8081000203FC4
:108EC00020202320180008F88888E8081000203F98
:108ED000200003000000C030080808380000071810
:108EE0002020221E020008F808000008F808203F91
:108EF000210101213F20000808F808080000002097
:108F0000203F2020000000000808F8080800C0806A
:108F100080807F00000008F888C028180800203FE3
:108F200020012638200008F8080000000000203F3B
:108F300020202020300008F8F800F8F80800203F32
:108F4000003F003F200008F830C00008F808203F2C
:108F5000200007183F00E01008080810E0000F107C
:108F6000202020100F0008F808080808F000203F13
:108F7000210101010000E01008080810E0000F18AE
:108F8000242438504F0008F8888888887000203FD3
:108F90002000030C302000708808080838000038D2
:108FA000202121221C00180808F8080818000000D9
:108FB000203F2000000008F808000008F808001F03
:108FC000202020201F000878880000C838080000F2
:108FD00007380E010000F80800F80008F800033C0C
:108FE0000700073C030008186880806818082030D4
:108FF0002C03032C30200838C800C83808000000B3
:10900000203F2000000010080808C8380800203859
:10901000262120201800000000FE020202000000AD
:10902000007F40404000000C30C000000000000005
:1090300000010638C00000020202FE0000000040ED
:1090400040407F00000000201008040810200000AD
:109050000000000000000000000000000000808010
:1090600080808080808000020408000000000000F2
:1090700000000000000000008080808000000019D7
:10908000242222223F2008F8008080000000003FB8
:10909000112020110E000000008080800000000ED2
:1090A000112020201100000000808088F800000EB0
:1090B000112020103F200000808080800000001FD1
:1090C000222222221300008080F088888818002045
:1090D000203F202000000000808080808000006B06
:1090E00094949493600008F8008080800000203FF2
:1090F000210000203F200080989800000000002000
:10910000203F20200000000000809898000000C050
:109110008080807F000008F8000080808000203F71
:1091200024022D302000000808F800000000002074
:10913000203F202000008080808080808000203FB1
:1091400020003F20003F0080800080800000002041
:109150003F2100203F200000808080800000001F11
:10916000202020201F00808000808000000080FFE1
:10917000A12020110E000000008080808000000EE1
:10918000112020A0FF80808080008080800020202F
:109190003F2120000100000080808080800000339B
:1091A000242424241900008080E080800000000036
:1091B000001F202000008080000000808000001F31
:1091C000202020103F2080808000008080800001CF
:1091D0000E300806010080800080008080800F3003
:1091E0000C030C300F000080800080808000002085
:1091F000312E0E31200080808000008080808081B0
:109200008E70180601000080808080808000002120
:10921000302C2221300000000000807C020200007F
:109220000000003F404000000000FF000000000080
:109230000000FF0000000002027C800000000040EF
:10924000403F00000000008040408000008000009F
:109250000000000101000000000000000000002FDD
:10926000000000000700070000147F147F14002492
:109270002A7F2A12002313086462003649552250BF
:1092800000000007000000001C22410000004122F5
:109290001C000014083E08140008083E08080000DE
:1092A00000A06000000808080808000060600000D6
:1092B000002010080402003E5149453E0000427F54
:1092C0004000004261514946002141454B310018A0
:1092D00014127F10002745454539003C4A49493062
:1092E000000171090503003649494936000649491C
:1092F000291E000036360000000056360000000827
:109300001422410000141414141400004122140803
:10931000000201510906003E4955592E007C1211E8
:10932000127C007F49494936003E41414122007F7D
:109330004141221C007F49494941007F0909090137
:10934000003E4149497A007F0808087F0000417FBC
:109350004100002040413F01007F08142241007F6E
:1093600040404040007F020C027F007F0408107FD5
:10937000003E4141413E007F09090906003E41513E
:10938000215E007F091929460046494949310001FB
:10939000017F0101003F4040403F001F2040201F4F
:1093A000003F4038403F0063140814630007087012
:1093B000080700615149454300007F414100000218
:1093C00004081020000041417F0000040201020453
:1093D000004040404040000001020400002054547E
:1093E0005478007F484444380038444444200038CE
:1093F0004444487F00385454541800087E09010240
:109400000018A4A4A47C007F080404780000447D14
:109410004000004080847D00007F10284400000050
:10942000417F4000007C04180478007C0804047824
:1094300000384444443800FC242424180018242410
:1094400018FC007C0804040800485454542000040C
:109450003F444020003C4040207C001C2040201C19
:10946000003C4030403C004428102844001CA0A090
:10947000A07C004464544C440000087F410000007C
:10948000007F00000000417F080000080408100869
:10949000A3AC00000000000000000000000000007D
:1094A000000000000058380000000000000000002C
:1094B000000000A1A3000000000000000000000068
:1094C0000000000000000000182424180000000024
:1094D000000000000000C4E300008060F8074020A6
:1094E000180F08C80808281800010000FF00100C19
:1094F0000340807F0001061800BAC3001010F01F5F
:1095000010F000808282E2928A8680004022150854
:109510001661000040807F0000000000CAC00020EB
:109520002020FE2020FF202020FF202020200000DF
:1095300000007F404047444444474040400000BD55
:10954000E700000000FE929292FE929292FE0000CE
:10955000000008080484621E010001FE02040408E1
:109560000800000000FF01010131090909098971A2
:1095700001010101FFFF80808080808096818080D2
:1095800080808080FFFF01818181FD8991A1C1FDE3
:1095900081818101FFFF808080809F888482819FFC
:1095A00080808080FF0000000000000000000000BC
:1095B0003031323334353637383941424344454609
:1095C0004030580030313233343536373839616203
:1095D0006364656640307800040000080000000005
:1095E0000000000200010000100000000000000068
:1095F0004FBB610567ACDD3F182D4454FB21E93FAB
:109600009BF681D20B73EF3F182D4454FB21F93F99
:10961000E2652F227F2B7A3C075C143326A6813C1F
:10962000BDCBF07A8807703C075C143326A6913CCA
:10963000C4EB98999999C9BF711623FEC671BCBF36
:109640006D9A74AFF2B0B3BF9AFDDE522DDEADBF9E
:109650002F6C6A2C44B4A2BF0D5555555555D53FB6
:10966000FF8300922449C23F6E204CC5CD45B73FD1
:10967000513DD0A0660DB13FEB0D76244B7BA93F49
:1096800011DA22E33AAD903F000000000000000034
:109690003031323334353637383961626364656668
:1096A00078700030313233343536373839414243FF
:1096B000444546585000000002400000000000A051
:1096C0000000000005400000000000C8000000008D
:1096D0000C4000000000409C000000001940000009
:1096E0000020BCBE0000000034400000BFC91B8E3B
:1096F00000000004B5400000504BCFD06607E2CF19
:10970000010000006C4100003E8251AADFEEA73448
:1097100001000000D9420000DCB5A0E23A301F97FA
:10972000FFFFFFFFB4450000FD25A0C8E9A3C14F1E
:10973000FFFFFFFFFF3F000000000080000000006F
:10974000FF3F000000000080000000009898000823
:10975000000000241C000000D4020008B498000897
:109760001C00002444120000F00200081C0000004D
:1097700043000000F8FFFFFF0C0000000E00000097
:109780000F0000002E000000100100004300000048
:10979000F8FFFFFF00404040404040404040414112
:1097A00041414140404040404040404040404040B6
:1097B0004040404040050202020202020202020250
:1097C000020202020220202020202020202020024D
:1097D00002020202020290909090909010101010DD
:1097E0001010101010101010101010101010101079
:1097F000020202020202888888888888080808080D
:1098000008080808080808080808080808080808D8
:109810000202020240000000000000000000000000
:109820000000000000000000000000000000000038
:109830000000000000000000000000000000000028
:109840000000000000000000000000000000000018
:109850000000000000000000000000000000000008
:1098600000000000000000000000000000000000F8
:1098700000000000000000000000000000000000E8
:1098800000000000000000000000000000000000D8
:1098900000000000000000000100000010000000B7
:1098A000000000000090D0030090D00300000000F2
:0498B00000000000B4
:040000050800029954
:00000001FF
